SERIAL.NO.,STOCK NAME,SYMBOL,FIXED SYMBOL,PERCENT CHANGE,CMP,VOLUME,52W HIGH ,NEAR 52W HIGH ,52W HIGH DATE ,DATE DIFF,CHART ,200 DMA ,230 SMA(Nearly 200 EMA),SETUP 1,SETUP 2,SETUP 3, Work On Progress.... 1, Work On Progress.... 2
495,Trejhara Solutions Ltd,TREJHARA,NSE:TREJHARA,3.21,195,4,294.55,,2024-12-17,294,,222.20575,226.4293043,,,,,
208,Goldiam International Limited,GOLDIAM,NSE:GOLDIAM,0.3,379.6,12096,569,,2025-01-16,264,,387.78525,383.106087,HOT Demand Zone,Demand Zone,,,
537,Gravita India Limited,GRAVITA,NSE:GRAVITA,2.15,1557.1,373,2609.85,,2024-10-17,355,,1849.2225,1890.121087,,,,,
392,RACL Geartech Ltd,RACLGEAR,NSE:RACLGEAR,11.69,1251.6,49964,1290,Alert Signal,2025-10-01,6,,868.50075,869.3351415,,,,,
515,Raghav Productivity Enhancers Ltd,RPEL,NSE:RPEL,0.97,700.3,1025,889.5,,2024-11-12,329,,638.73275,653.8556522,HOT Demand Zone,,,,
570,Aurionpro Solutions Limited,AURIONPRO,NSE:AURIONPRO,1.08,1159.7,1008,1923.75,,2024-12-20,291,,1443.16175,1468.628478,,,Blast Setup,,
310,Steelcast Ltd,STEELCAS,NSE:STEELCAS,0.54,223.16,252,255.8,,2025-07-30,69,,197.95955,193.140913,,,Blast Setup,,
497,Pondy Oxides & Chemicals Ltd,POCL,NSE:POCL,0.17,1247.2,291,1360,Alert Signal,2025-09-22,15,,859.74125,865.8665217,,,,,
150,Sarda Energy & Minerals Limited,SARDAEN,NSE:SARDAEN,0.23,583.05,1723,639.75,Alert Signal,2025-09-16,21,,486.94825,482.2495652,,,Blast Setup,,
596,Neogen Chemicals Ltd,NEOGEN,NSE:NEOGEN,0.92,1506,24,2420,,2024-12-10,301,,1682.5995,1738.59,,,,,
439,L T Foods Ltd,LTFOODS,NSE:LTFOODS,0.77,397.2,31688,518.55,,2025-07-17,82,,414.05725,410.9421739,HOT Demand Zone,Demand Zone,,,
32,Cartrade Tech Ltd,CARTRADE,NSE:CARTRADE,0.24,2500,8580,2755,Alert Signal,2025-09-09,28,,1802.46425,1735.067609,,,,,
341,Syrma SGS Technology Ltd,SYRMA,NSE:SYRMA,0.19,819.4,34507,875,Alert Signal,2025-09-08,29,,587.91075,583.1380435,,,,,
659,Wockhardt Limited,WOCKPHARMA,NSE:WOCKPHARMA,0.63,1436.8,31954,1868.8,,2025-06-12,117,,1471.8295,1449.297391,HOT Demand Zone,Demand Zone,,,
205,Blue Jet Healthcare Ltd,BLUEJET,NSE:BLUEJET,0.1,682.05,657,1027.8,,2025-07-21,78,,762.17575,730.2684783,,,Blast Setup,,
322,Pearl Global Industries Limited,PGIL,NSE:PGIL,0,1237,7,1717,,2025-01-16,264,,1348.54125,1319.31,HOT Demand Zone,,,,
666,Garware Hi Tech Films Ltd,GRWRHITECH,NSE:GRWRHITECH,0.09,3000,2278,5378.1,,2024-12-20,291,,3772.24825,3880.672174,,,,,
632,Pokarna Limited,POKARNA,NSE:POKARNA,0.12,770.8,100,1451.65,,2025-02-04,245,,1044.4445,1051.317826,,,,Possible Double Bottom Retest!,
248,Prataap Snacks Ltd,DIAMONDYD,NSE:DIAMONDYD,-0.12,1015.7,709,1295.7,,2025-04-16,174,,1064.952,1062.133261,HOT Demand Zone,Demand Zone,,Possible Double Bottom Retest!,
636,Windlas Biotech Ltd,WINDLAS,NSE:WINDLAS,0.42,918.4,1,1198.25,,2024-11-06,335,,954.3975,966.8697826,HOT Demand Zone,Demand Zone,,,
335,Hikal Limited,HIKAL,NSE:HIKAL,0,253.55,7723,464.75,,2024-12-02,309,,350.6085,357.0356522,,,,,
686,Caplin Point Laboratories Limited,CAPLIPOINT,NSE:CAPLIPOINT,-0.04,2020.5,1642,2641,,2024-12-27,284,,2094.595,2100.774565,HOT Demand Zone,Demand Zone,,,
555,Ritco Logistics Ltd,RITCO,NSE:RITCO,1.08,263,90,444,,2024-12-11,300,,298.10975,311.2136957,,,,,
631,Sharda Cropchem Limited,SHARDACROP,NSE:SHARDACROP,0.55,843.9,3176,1181,,2025-07-29,70,,738.31475,746.8876087,,,,,
620,Kiri Industries Limited,KIRIINDUS,NSE:KIRIINDUS,-0.97,591.85,17621,740,,2025-05-30,130,,588.84525,579.2406522,HOT Demand Zone,Demand Zone,,,
621,Kiri Industries Limited,KIRIINDUS,NSE:KIRIINDUS,-0.97,591.85,17621,740,,2025-05-30,130,,588.84525,579.2406522,HOT Demand Zone,Demand Zone,,,
687,Prudent Corporate Advisory Services Ltd,PRUDENT,NSE:PRUDENT,-0.02,2642.4,371,3735.2,,2024-11-04,337,,2548.02725,2604.635217,HOT Demand Zone,Demand Zone,,,
492,Shaily Engineering Plastics Ltd,SHAILY,NSE:SHAILY,4.45,2263.2,69857,2670,,2025-09-17,20,,1732.253,1662.920652,,,,,
514,Genesys International Corporation Limited,GENESYS,NSE:GENESYS,0.75,494.8,3850,1055,,2025-01-20,260,,705.6805,724.9228261,,,,,
376,Coastal Corporation Ltd,COASTCORP,NSE:COASTCORP,-1.23,35.79,25,56.59,,2024-11-11,330,,40.10935,41.255,,,Blast Setup,,
342,Pg Electroplast Limited,PGEL,NSE:PGEL,2.11,525,12891,1054.2,,2025-01-06,274,,777.98275,769.7084783,,,Blast Setup,,
670,Hpl Electric & Power Limited,NSE:HPL,NSE:HPL,1.1,461.45,11194,639.9,,2025-07-15,84,,491.927,497.1782609,,Demand Zone,,Possible Double Bottom Retest!,
512,360 ONE WAM Ltd,360ONE,NSE:360ONE,0.13,1063.8,106,1318,,2025-01-06,274,,1059.06,1063.566522,HOT Demand Zone,Demand Zone,Blast Setup,,
363,Jubilant Ingrevia Ltd,JUBLINGREA,NSE:JUBLINGREA,-0.02,654.3,1065,885,,2024-12-12,299,,715.46875,718.5356522,,,,,
26,Associated Alcohols & Breweries Ltd,ASALCBR,NSE:ASALCBR,2.66,980.55,21,1496,,2025-02-03,246,,1132.9695,1111.80413,,,,,
74,Tilaknagar Industries Limited,TI,NSE:TI,9.05,472.5,1744,529.9,,2025-08-19,49,,0.69625,0.6426521739,,,Blast Setup,,
473,Precot Meridian Limited,PRECOT,NSE:PRECOT,-2.4,380.1,1,690.5,,2024-12-05,306,,506.66425,513.6002174,,,Blast Setup,,
660,Dishman Carbogen Amcis Ltd,DCAL,NSE:DCAL,0.36,291.4,4832,321.95,Alert Signal,2025-09-23,14,,246.09685,243.5254348,,,Blast Setup,,
393,Vimta Labs Limited,VIMTALABS,NSE:VIMTALABS,0.06,754.3,4847,902.65,,2025-09-05,32,,540.66,521.9606087,,,Blast Setup,,
153,Gallantt Metal Limited,GALLANTT,NSE:GALLANTT,-0.37,663.25,351,802.25,,2025-08-05,63,,477.04525,458.71,,,,,🔥 Volume Breakout!
685,Laurus Labs Limited,LAURUSLABS,NSE:LAURUSLABS,0.02,865,2906,944,Alert Signal,2025-09-19,18,,685.96575,665.1619565,,,,,
64,Thangamayil Jewellery Limited,THANGAMAYL,NSE:THANGAMAYL,-1.04,2065,147,2567.5,,2024-10-09,363,,1935.0625,1941.326739,HOT Demand Zone,Demand Zone,,,
131,Dynamic Cables Ltd,DYCL,NSE:DYCL,0.02,406.05,236,547.5,,2024-12-17,294,,398.3066,403.780087,HOT Demand Zone,Demand Zone,Blast Setup,,
135,Dixon Technologies,DIXON,NSE:DIXON,-0.09,17030,725,19148.9,,2024-12-17,294,,15785.024,15795.69957,,,Blast Setup,,
339,Tribhovandas Bhimji Zaveri Limited,TBZ,NSE:TBZ,0.29,185.64,11277,310.95,,2024-10-16,356,,194.91635,202.1811304,,Demand Zone,,,
185,Neuland Laboratories Limited,NEULANDLAB,NSE:NEULANDLAB,-0.01,15162,53,18100,,2024-12-04,307,,13014.94375,13346.13587,,,,,
219,Techno Electric & Engineering Company Ltd,TECHNOE,NSE:TECHNOE,0.33,1362.3,1702,1822,,2024-10-15,357,,1304.057,1330.107391,HOT Demand Zone,Demand Zone,,,
557,Va Tech Wabag Limited,WABAG,NSE:WABAG,0.39,1404.9,1029,1944,,2024-12-09,302,,1481.29575,1517.352609,,Demand Zone,,,
520,Dynamatic Technologies Limited,DYNAMATECH,NSE:DYNAMATECH,0,6955.5,4,8937,,2024-12-12,299,,6898.8345,6987.08087,HOT Demand Zone,Demand Zone,,,
490,Hind Rectifiers Limited,HIRECT,NSE:HIRECT,0.67,1693.9,366,2108.5,,2025-08-20,48,,1283.90325,1281.811522,,,,Possible Double Bottom Retest!,
658,Avalon Technologies Ltd,AVALON,NSE:AVALON,0.19,1174.4,225567,1156.4,,2025-10-06,1,,836.808,832.6867391,,,Blast Setup,,🔥 Volume Breakout!
290,Affle India Ltd,AFFLE,NSE:AFFLE,0.34,1945.3,8134,2185.9,,2025-09-22,15,,1750.27875,1736.668913,,,Blast Setup,Possible Double Bottom Retest!,
586,Himadri Speciality Chemical Limited,HSCL,NSE:HSCL,0.38,458.6,42108,676.2,,2024-10-17,355,,475.489,483.9904348,HOT Demand Zone,Demand Zone,Blast Setup,,
117,Gufic Biosciences Limited,GUFICBIO,NSE:GUFICBIO,0.37,353,899,504.25,,2024-11-08,333,,379.58225,387.1384783,,,,Possible Double Bottom Retest!,
209,Gujarat State Petronet Limited,GSPL,NSE:GSPL,0.61,321.9,6220,429.35,,2024-10-07,365,,321.09875,326.916087,HOT Demand Zone,Demand Zone,,,
544,Bajel Projects Ltd,BAJEL,NSE:BAJEL,0.13,206.24,5039,307.8,,2024-12-16,295,,211.3372,216.4260435,HOT Demand Zone,Demand Zone,,,
4,Epigral Ltd,EPIGRAL,NSE:EPIGRAL,-0.27,1729.4,727,2361.9,,2024-10-15,357,,1815.90275,1848.081522,HOT Demand Zone,Demand Zone,,,
654,Themis Medicare Limited,THEMISMED,NSE:THEMISMED,0.48,131.71,0,317,,2024-11-18,323,,157.67075,174.0169565,,,,,
48,Td Power Systems Limited,TDPOWERSYS,NSE:TDPOWERSYS,-0.17,640,72391,659.75,Alert Signal,2025-10-03,4,,455.07225,452.1045652,,,,,
196,Medplus Health Services Ltd,MEDPLUS,NSE:MEDPLUS,0.26,758.95,1060,1045.3,,2025-05-28,132,,820.4595,811.5784783,HOT Demand Zone,,Blast Setup,,
171,Sansera Engineering Ltd,SANSERA,NSE:SANSERA,0,1436.4,137,1706.55,,2024-12-04,307,,1292.52925,1325.886957,,,Blast Setup,,
70,Swaraj Engines Limited,SWARAJENG,NSE:SWARAJENG,0.66,4145,270,4720,,2025-07-16,83,,3748,3660.053696,,,,,
158,Jubilant Pharmova Ltd,JUBLPHARMA,NSE:JUBLPHARMA,0.29,1100.6,49,1309.9,,2024-11-07,334,,1035.39875,1054.433261,HOT Demand Zone,Demand Zone,,,
551,Prime Securities Limited,PRIMESECU,NSE:PRIMESECU,0.16,286.85,49,359,,2024-11-11,330,,255.9313,261.678087,,,Blast Setup,,
568,Nava Ltd,NAVA,NSE:NAVA,0.05,644.25,21225,735,,2025-01-20,260,,529.9898,525.435087,,,,,
469,Kernex Microsystems (india) Limited,KERNEX,NSE:KERNEX,-0.26,1117.1,1291,1580,,2024-12-17,294,,1065.103,1053.241522,HOT Demand Zone,Demand Zone,,,
479,Zodiac Energy Ltd,ZODIAC,NSE:ZODIAC,-0.22,388,50,634.75,,2024-10-10,362,,437.58925,450.2467391,,,,Possible Double Bottom Retest!,
193,Ifb Agro Industries Limited,IFBAGRO,NSE:IFBAGRO,0.23,890,1175,929,Alert Signal,2025-07-31,68,,636.02525,627.3458696,,,Blast Setup,,
546,Supriya Lifescience Ltd,SUPRIYA,NSE:SUPRIYA,0.63,729.8,119,842,,2025-04-03,187,,691.035,694.5080435,HOT Demand Zone,Demand Zone,,,
690,Anant Raj Limited,ANANTRAJ,NSE:ANANTRAJ,-0.59,701.4,36956,947.9,,2025-01-08,272,,585.25575,601.5717391,,,,,
653,Sasken Communication Technologies Limited,SASKEN,NSE:SASKEN,0.43,1385.4,1007,2399.8,,2024-12-10,301,,1601.5795,1657.061957,,,,,
573,Pnb Housing Finance Limited,PNBHOUSING,NSE:PNBHOUSING,-0.23,888.85,95793,1141.9,,2025-06-09,120,,924.35075,924.0402174,HOT Demand Zone,Demand Zone,Blast Setup,,
464,Zaggle Prepaid Ocean Services Ltd,ZAGGLE,NSE:ZAGGLE,-0.18,354.9,2907,591.9,,2024-12-11,300,,406.80925,415.1695652,,,Blast Setup,,
190,Jindal Stainless Limited,JSL,NSE:JSL,0.5,760.55,65104,818.95,Alert Signal,2025-08-28,40,,667.8755,672.4256522,,,,,
642,Marksans Pharma Limited,MARKSANS,NSE:MARKSANS,0.08,164.14,1710,358.7,,2024-12-02,309,,230.1006,241.3511739,,,,Possible Double Bottom Retest!,
501,Gujarat Apollo Industries Limited,GUJAPOLLO,NSE:GUJAPOLLO,1.44,473.2,5,556,,2025-08-26,42,,380.13475,372.0476087,,,,Possible Double Bottom Retest!,
603,Quick Heal Technologies Limited,QUICKHEAL,NSE:QUICKHEAL,1.06,313.9,161,825,,2024-10-11,361,,368.5285,400.4143478,,,Blast Setup,,
300,Asahi India Glass Limited,ASAHIINDIA,NSE:ASAHIINDIA,0.77,877.65,270,933,Alert Signal,2025-09-25,12,,744.051,738.3367391,,,,,
9,Arvind Fashions Ltd,ARVINDFASN,NSE:ARVINDFASN,-0.58,531.95,67,639.7,,2024-10-16,356,,472.0515,483.4804348,,,,,
673,Summit Securities Limited,SUMMITSEC,NSE:SUMMITSEC,-0.49,2237.9,48,3675,,2024-12-11,300,,2119.332,2255.021304,HOT Demand Zone,Demand Zone,,,
565,Skipper Limited,SKIPPER,NSE:SKIPPER,0.12,521.1,15236,665,,2024-12-12,299,,484.87725,495.5376087,HOT Demand Zone,Demand Zone,,,
82,Shivalik Bimetal Controls Ltd,SBCL,NSE:SBCL,0,514.1,6871,729.8,,2024-10-11,361,,504.579,516.4808696,HOT Demand Zone,Demand Zone,,Possible Double Bottom Retest!,
53,Bharti Hexacom Ltd,BHARTIHEXA,NSE:BHARTIHEXA,1.84,1682.5,1500,2052.9,,2025-07-01,98,,1610.42525,1582.134783,HOT Demand Zone,Demand Zone,Blast Setup,,
225,Ceat Limited,CEATLTD,NSE:CEATLTD,0.16,3476.5,935,4044,,2025-05-21,139,,3239.2845,3199.707391,,Demand Zone,,,
324,Igarashi Motors India Limited,IGARASHI,NSE:IGARASHI,1,512.35,200,848.95,,2024-12-03,308,,548.05675,575.4195652,,Demand Zone,,,
93,Astrazeneca Pharma India Limited,ASTRAZEN,NSE:ASTRAZEN,-0.31,9370,393,10691,,2025-06-13,116,,8243.415,8063.398261,,,Blast Setup,,
344,Hitachi Energy India Ltd,POWERINDIA,NSE:POWERINDIA,0.16,18248,142,21800,,2025-08-12,56,,15977.2665,15544.13739,,,,,
406,Motilal Oswal Financial Services Limited,MOTILALOFS,NSE:MOTILALOFS,-0.65,936.4,763,1064,,2024-10-18,354,,798.8985,817.6497826,,,Blast Setup,,
608,Azad Engineering Ltd,AZAD,NSE:AZAD,-0.34,1710,702,1929.8,,2025-01-03,277,,1567.91325,1579.927174,,,,,
552,Maharashtra Seamless Limited,MAHSEAMLES,NSE:MAHSEAMLES,0,599.75,7912,814.3,,2024-12-11,300,,672.8845,672.0180435,,,,,
1,Vardhman Textiles Limited,VTL,NSE:VTL,0.53,405.6,211,563.95,,2024-12-16,295,,455.48025,459.24,,,,Possible Double Bottom Retest!,
78,Eldeco Housing & Industries Ltd,ELDEHSG,NSE:ELDEHSG,0.1,780,0,998.9,,2024-12-17,294,,787.26125,793.3656522,HOT Demand Zone,Demand Zone,,,
265,Sudarshan Chemical Industries Limited,SUDARSCHEM,NSE:SUDARSCHEM,1,1343.5,416,1603,,2025-09-24,13,,1169.26575,1150.648261,,,Blast Setup,,
141,Poly Medicure Limited,POLYMED,NSE:POLYMED,-0.35,1892.6,6251,3357.8,,2024-11-04,337,,2256.7925,2325.212391,,,,,
508,Amber Enterprises India Ltd,AMBER,NSE:AMBER,0.68,8157,431,8497,Alert Signal,2025-09-25,12,,6942.21675,6830.62913,,,,,
470,Sejal Glass Ltd,SEJALLTD,NSE:SEJALLTD,-1.47,730.45,65,826.15,,2025-09-19,18,,495.759,507.2917391,,,,,
646,Sundaram Clayton Ltd,SUNCLAY,NSE:SUNCLAY,-0.68,1663.2,0,2934,,2025-01-09,271,,2134.7425,2166.060652,,,,,
450,Zinka Logistics Solutions Ltd,BLACKBUCK,NSE:BLACKBUCK,0.39,603.25,31749,669.9,Alert Signal,2025-08-26,42,,467.5615,456.9303241,,,,,
689,Jagsonpal Pharmaceuticals Limited,JAGSNPHARM,NSE:JAGSNPHARM,-0.72,218.87,205,328.04,,2024-11-29,312,,234.71265,236.7552609,,,,,
619,Nelco Limited,NELCO,NSE:NELCO,-0.22,899,201,1502.75,,2024-12-16,295,,946.6635,960.616087,HOT Demand Zone,Demand Zone,,,
606,Kaynes Technology India Ltd,KAYNES,NSE:KAYNES,0.52,7525,2272,7822,Alert Signal,2025-01-01,279,,5833.6075,5843.930435,,,Blast Setup,,
419,Time Technoplast Limited,TIMETECHNO,NSE:TIMETECHNO,-0.27,219.91,396,256.77,,2024-12-13,298,,209.9913,210.4841304,HOT Demand Zone,Demand Zone,,,
462,KPI Green Energy Ltd,KPIGREEN,NSE:KPIGREEN,-0.32,439.8,828,588.8,,2025-01-03,277,,461.6092,469.8825217,HOT Demand Zone,Demand Zone,,,
377,Schneider Electric Infrastructure Limited,SCHNEIDER,NSE:SCHNEIDER,0.86,849,84,1052,,2025-08-05,63,,752.47925,757.2680435,,,,,
542,KPI Green Energy Ltd,KPRMILL,NSE:KPRMILL,0.04,1065.5,1635,1389,,2025-05-09,151,,1033.378,1022.390217,HOT Demand Zone,Demand Zone,,,
543,K.p.r. Mill Limited,KPRMILL,NSE:KPRMILL,0.04,1065.5,1635,1389,,2025-05-09,151,,1033.378,1022.390217,HOT Demand Zone,Demand Zone,,,
197,Arvind Smartspaces Limited,ARVSMART,NSE:ARVSMART,-2.16,630,19727,1025,,2024-11-28,313,,695.679,728.1080435,,,,,
189,Gujarat Fluorochemicals Ltd,FLUOROCHEM,NSE:FLUOROCHEM,-0.08,3649.7,53,4880.95,,2024-10-17,355,,3732.24775,3784.993043,HOT Demand Zone,Demand Zone,,,
610,eMudhra Ltd,EMUDHRA,NSE:EMUDHRA,0.23,669,3075,1024,,2024-12-17,294,,788.91125,802.418913,,,,,
396,Avanti Feeds Limited,AVANTIFEED,NSE:AVANTIFEED,0,650.95,26261,964.2,,2025-03-24,197,,739.14175,720.1328261,,,Blast Setup,,
291,Privi Speciality Chemicals Ltd,PRIVISCL,NSE:PRIVISCL,0.95,2440,2645,2660,Alert Signal,2025-08-01,67,,2065.2755,2036.207391,,,Blast Setup,,
123,Apollo Tyres Limited,APOLLOTYRE,NSE:APOLLOTYRE,-0.02,475.1,13201,557,,2024-12-09,302,,457.33325,463.5541304,HOT Demand Zone,Demand Zone,,,
484,Websol Energy System Limited,WEBELSOLAR,NSE:WEBELSOLAR,-0.25,1175.1,1085,1865,,2024-12-26,285,,1335.88775,1341.692391,,,,,
485,Websol Energy System Limited,WEBELSOLAR,NSE:WEBELSOLAR,-0.25,1175.1,1085,1865,,2024-12-26,285,,1335.88775,1341.692391,,,,,
496,Axiscades Engineering Technologies Limited,AXISCADES,NSE:AXISCADES,-1.73,1687,5026,1779.2,Alert Signal,2025-09-23,14,,1048.16225,975.9967391,,,,,
443,Kitex Garments Limited,KITEX,NSE:KITEX,1.15,186,34722,324.42,,2025-01-17,263,,229.02795,228.9852609,,,,,
203,Senco Gold Ltd,SENCO,NSE:SENCO,0.45,349.75,31281,772,,2025-01-31,249,,381.77825,406.524913,,,,,
487,Indo Tech Transformers Limited,INDOTECH,NSE:INDOTECH,-0.71,1874.1,179,3771.95,,2025-01-09,271,,2224.2225,2282.736522,,,Blast Setup,,🔥 Volume Breakout!
65,Laxmi Goldorna House Ltd,NSE:LGHL,NSE:LGHL,-1.24,921.5,110,959,Alert Signal,2025-09-24,13,,641.495,603.4015217,,,,,
502,Orient Technologies Ltd,ORIENTTECH,NSE:ORIENTTECH,0.94,510.15,979003,674.85,,2025-01-20,260,,374.095,377.2004348,,,Blast Setup,,🔥 Volume Breakout!
437,Simplex Infrastructures Limited,SIMPLEXINF,NSE:SIMPLEXINF,0.75,280.6,191,352,,2024-12-17,294,,290.02575,288.6729565,HOT Demand Zone,Demand Zone,,,
10,Til Limited,NSE:TIL,NSE:TIL,1.52,325.8,1732,409,,2025-07-04,95,,287.8049,290.1701304,,,,,
220,The Hi-tech Gears Limited,HITECHGEAR,NSE:HITECHGEAR,0.02,751.1,0,912.8,,2024-11-08,333,,684.63275,703.1467391,HOT Demand Zone,,,,
482,Ashapura Minechem Limited,ASHAPURMIN,NSE:ASHAPURMIN,-0.59,643.5,2742,711.8,Alert Signal,2025-10-03,4,,451.18525,432.1511739,,,,,
486,Shakti Pumps (india) Limited,SHAKTIPUMP,NSE:SHAKTIPUMP,0.06,817,11105,1387,,2025-01-09,271,,927.56675,909.8002174,,,,Possible Double Bottom Retest!,
12,Refex Industries Limited,REFEX,NSE:REFEX,0.17,362.45,985,572,,2024-12-03,308,,425.0025,435.8784783,,,,Possible Double Bottom Retest!,
498,Transformers & Rectifiers India Ltd,TARIL,NSE:TARIL,0.19,496.6,22063,648.9,,2025-01-21,259,,541.3195,534.1093913,,,,Possible Double Bottom Retest!,
499,Epack Durable Ltd,EPACK,NSE:EPACK,-0.25,345,284,669.95,,2025-01-08,272,,394.85625,399.9882609,,,,,
601,The Anup Engineering Ltd,ANUP,NSE:ANUP,-1.25,2488.7,248,3859.4,,2024-12-12,299,,2852.111,2938.428261,,,Blast Setup,,
412,Arvind Limited,ARVIND,NSE:ARVIND,0.39,295.2,879,450,,2024-12-17,294,,347.081,350.5680435,,,,Possible Double Bottom Retest!,
270,Elecon Engineering Company Limited,ELECON,NSE:ELECON,-0.66,608.4,59266,739.1,,2024-10-17,355,,567.98975,570.9376087,HOT Demand Zone,Demand Zone,Blast Setup,,
246,PDS Ltd,PDSL,NSE:PDSL,-0.02,310.85,1072,659,,2024-12-17,294,,422.6795,438.168913,,,,,
42,Ccl Products (india) Limited,NSE:CCL,NSE:CCL,0.8,849,4628,962,,2025-09-03,34,,749.91825,748.7041304,,,,,
594,RPSG Ventures Ltd,RPSGVENT,NSE:RPSGVENT,0,844.8,66,1290,,2024-12-11,300,,904.8685,929.9432609,,,,,
283,AGI Greenpac Ltd,NSE:AGI,NSE:AGI,0.67,872.1,195,1307.9,,2024-12-20,291,,859.705,877.9736957,HOT Demand Zone,Demand Zone,,,
618,Jyoti CNC Automation Ltd,JYOTICNC,NSE:JYOTICNC,0.32,932.55,4672,1504.3,,2024-12-18,293,,1075.84375,1092.048696,,,,,
433,Taj Gvk Hotels & Resorts Limited,TAJGVK,NSE:TAJGVK,0.21,431,1707,528.1,,2025-03-19,202,,422.37225,411.1206522,HOT Demand Zone,Demand Zone,,,
446,Indo US Bio-Tech Ltd,INDOUS,NSE:INDOUS,-0.33,130.3,0,388.4,,2024-12-10,301,,183.3858,195.072,,,,,
198,Whirlpool Of India Limited,WHIRLPOOL,NSE:WHIRLPOOL,0.68,1192.6,264,2449.7,,2024-10-22,350,,1305.424,1382.199783,,,Blast Setup,,
16,Kirloskar Brothers Limited,KIRLOSBROS,NSE:KIRLOSBROS,0.19,2007.3,1380,2475,,2025-06-27,102,,1901.5715,1937.037609,HOT Demand Zone,Demand Zone,Blast Setup,,
126,Triveni Engineering & Industries Limited,TRIVENI,NSE:TRIVENI,0.37,352.45,10139,536,,2024-12-30,281,,388.01975,390.4745652,,,Blast Setup,,
3,Rpg Life Sciences Limited,RPGLIFE,NSE:RPGLIFE,0.2,2256.4,128,2974.95,,2024-10-15,357,,2276.79225,2275.508478,HOT Demand Zone,Demand Zone,,,
359,HDFC Asset Management Company Ltd,HDFCAMC,NSE:HDFCAMC,-0.42,5637.5,2506,5927.5,Alert Signal,2025-08-25,43,,4697.11675,4651.090652,,,Blast Setup,Possible Double Bottom Retest!,
676,Solara Active Pharma Sciences Ltd,SOLARA,NSE:SOLARA,-0.67,610.2,3,882.8,,2024-12-02,309,,579.868,607.1171739,HOT Demand Zone,Demand Zone,,,
89,Shriram Pistons & Rings Limited,SHRIPISTON,NSE:SHRIPISTON,0.06,2735.1,50,2768.8,Alert Signal,2025-10-03,4,,2222.98675,2205.66,,,Blast Setup,,
96,Aditya Birla Real Estate Ltd,ABREL,NSE:ABREL,2.77,1574.6,1460,3140,,2024-10-21,351,,2055.203,2143.693696,,,,,
139,Rudrabhishek Enterprises Ltd,REPL,NSE:REPL,1.7,143.65,99,348,,2025-01-03,277,,9.16475,9.60426087,,,,,
125,Akzo Nobel India Limited,AKZOINDIA,NSE:AKZOINDIA,0.47,3329.1,53,4674,,2024-10-09,363,,3470.947,3511.600435,HOT Demand Zone,Demand Zone,,,
440,Bikaji Foods International Ltd,BIKAJI,NSE:BIKAJI,-0.22,728.25,6895,929,,2024-10-17,355,,723.285,735.6808696,HOT Demand Zone,Demand Zone,Blast Setup,,
407,Manorama Industries Ltd,MANORAMA,NSE:MANORAMA,-0.74,1475,262,1760,,2025-07-28,71,,1253.79525,1234.235,,,,,
662,Indraprastha Medical Corporation Limited,INDRAMEDCO,NSE:INDRAMEDCO,0.39,479.95,1969,572,,2025-01-08,272,,441.75225,442.9834783,,,Blast Setup,,🔥 Volume Breakout!
612,Deep Industries Ltd,DEEPINDS,NSE:DEEPINDS,0.15,500.8,205,624.4,,2025-01-08,272,,493.98125,497.401087,HOT Demand Zone,Demand Zone,,,
254,S J S Enterprises Ltd,SJS,NSE:SJS,0.67,1552.8,7640,1558.9,,2025-09-23,14,,1121.3585,1132.892391,,,Blast Setup,Double Bottom Found!,
613,Granules India Limited,GRANULES,NSE:GRANULES,-0.71,550,1527,628,,2024-12-03,308,,512.22675,519.2184783,HOT Demand Zone,Demand Zone,,,
680,Shilpa Medicare Limited,SHILPAMED,NSE:SHILPAMED,0,377,1737,500,,2025-06-16,113,,391.43595,396.8098696,HOT Demand Zone,Demand Zone,,,
353,Gulf Oil Lubricants India Limited,GULFOILLUB,NSE:GULFOILLUB,-0.08,1232,162,1362,Alert Signal,2024-10-16,356,,1185.8785,1179.252174,HOT Demand Zone,Demand Zone,Blast Setup,,
529,Innova Captab Ltd,INNOVACAP,NSE:INNOVACAP,0.57,837,383,1260,,2025-01-08,272,,903.32175,913.3721739,,,,,
118,Black Box Ltd,NSE:BBOX,NSE:BBOX,2.77,609.4,185650,714.8,,2024-12-09,302,,490.56675,503.6019565,,,Blast Setup,,🔥 Volume Breakout!
293,PCBL Ltd,PCBL,NSE:PCBL,0.46,378.7,30339,553.95,,2024-10-07,365,,398.20825,402.2795652,HOT Demand Zone,Demand Zone,,Possible Double Bottom Retest!,
325,D.P. Abhushan Ltd,DPABHUSHAN,NSE:DPABHUSHAN,-0.03,1440,12,1927,,2024-10-22,350,,1520.41675,1533.741304,HOT Demand Zone,Demand Zone,,,
101,PB Fintech Ltd,POLICYBZR,NSE:POLICYBZR,-1.07,1748.5,122409,2246.9,,2025-01-03,277,,1753.849,1764.481087,HOT Demand Zone,Demand Zone,Blast Setup,,
609,Nippon Life India Asset Management Ltd,NAM-INDIA,NSE:NAM-INDIA,0.39,877.75,40328,903.7,Alert Signal,2025-10-06,1,,709.369,709.3721739,,,,,🔥 Volume Breakout!
453,Optiemus Infracom Ltd,OPTIEMUS,NSE:OPTIEMUS,0.33,668,8945,812.4,,2024-12-12,299,,588.30675,600.485,,,,,
207,Updater Services Ltd,UDS,NSE:UDS,0.02,251.63,2065,438.6,,2024-11-06,335,,300.70485,314.182913,,,,Possible Double Bottom Retest!,
480,Mindteck (india) Limited,MINDTECK,NSE:MINDTECK,0.49,267.98,40555,330.1,,2024-11-28,313,,221.97845,229.8897391,,,Blast Setup,,🔥 Volume Breakout!
298,Deepak Fertilizers And Petrochemicals Corporation Limited,DEEPAKFERT,NSE:DEEPAKFERT,-0.06,1550.8,138,1778.6,,2025-07-03,96,,1337.67575,1335.672174,,,,,
110,Patanjali Foods Ltd,PATANJALI,NSE:PATANJALI,0.19,600.1,21956,670.33,,2025-04-16,174,,597.1756,598.8531739,HOT Demand Zone,Demand Zone,Blast Setup,Possible Double Bottom Retest!,
88,Godrej Agrovet Ltd,GODREJAGRO,NSE:GODREJAGRO,0.74,675.4,571,876.35,,2025-07-24,75,,753.26025,751.7632609,,,,,
304,Apar Industries Limited,APARINDS,NSE:APARINDS,-0.05,8470.5,26,11779.9,,2025-01-08,272,,7840.72025,8071.940652,HOT Demand Zone,,Blast Setup,,
417,Iol Chemicals And Pharmaceuticals Limited,IOLCP,NSE:IOLCP,0.32,104.19,134831,126.66,,2025-09-19,18,,83.46345,82.54778261,,,,,
432,Minda Corporation Limited,MINDACORP,NSE:MINDACORP,-0.45,576.55,45435,602.1,Alert Signal,2024-10-07,365,,521.719,519.5945652,,,,,
528,Ingersoll Rand (india) Limited,INGERRAND,NSE:INGERRAND,-0.26,4055,10,4694,,2024-10-16,356,,3784.832,3859.775,HOT Demand Zone,Demand Zone,,,
112,Prestige Estates Projects Limited,PRESTIGE,NSE:PRESTIGE,-0.03,1540.8,519,1909.85,,2024-10-15,357,,1477.21075,1501.336522,HOT Demand Zone,Demand Zone,Blast Setup,Possible Double Bottom Retest!,
602,Natco Pharma Limited,NATCOPHARM,NSE:NATCOPHARM,0.59,819,2753,1505,,2024-12-10,301,,963.55625,1020.864783,,,,,
626,Ganesh Housing Corporation Limited,GANESHHOUC,NSE:GANESHHOUC,No Data,#N/A,#N/A,#N/A,#N/A,No Data,#VALUE!,#N/A,#N/A,#N/A,#N/A,#N/A,#N/A,#N/A,#N/A
430,Lumax Auto Technologies Limited,LUMAXTECH,NSE:LUMAXTECH,1.04,1275.2,9759,1337.9,Alert Signal,2025-09-29,8,,810.13175,773.5232609,,,,,
278,Rainbow Childrens Medicare Ltd,RAINBOW,NSE:RAINBOW,0.5,1332.1,438,1709.6,,2024-11-26,315,,1440.997,1461.970217,,,,,
401,Ajanta Pharma Limited,AJANTPHARM,NSE:AJANTPHARM,-0.2,2424.1,10,3428,,2024-10-09,363,,2651.2225,2688.863478,,,Blast Setup,,
611,Premier Energies Ltd,PREMIERENE,NSE:PREMIERENE,0.12,1019.3,1084,1388,,2024-12-17,294,,1036.75525,1051.422391,HOT Demand Zone,Demand Zone,,,
143,Stylam Industries Ltd,STYLAMIND,NSE:STYLAMIND,0.8,1805.9,404,2735,,2024-10-17,355,,1780.20025,1860.126087,HOT Demand Zone,Demand Zone,Blast Setup,,🔥 Volume Breakout!
674,Genus Power Infrastructures Limited,GENUSPOWER,NSE:GENUSPOWER,0.52,307,949,486.05,,2024-12-03,308,,335.051,346.868913,,,,,
593,Lloyds Metals & Energy Ltd,LLOYDSME,NSE:LLOYDSME,-0.13,1309.1,1096,1612,,2025-07-01,98,,1324.31675,1282.079348,HOT Demand Zone,Demand Zone,,,
521,Banco Products (i) Limited,BANCOINDIA,NSE:BANCOINDIA,-0.16,846.75,7734,879.8,Alert Signal,2025-10-06,1,,513.90355,509.0383043,,,Blast Setup,,
675,Siyaram Silk Mills Limited,SIYSIL,NSE:SIYSIL,1.74,725,977,1175,,2024-12-17,294,,720.64175,723.72,HOT Demand Zone,Demand Zone,Blast Setup,Double Bottom Found!,🔥 Volume Breakout!
355,Astra Microwave Products Limited,ASTRAMICRO,NSE:ASTRAMICRO,0.53,1122,39625,1195.9,Alert Signal,2025-06-05,124,,889.98725,875.9347826,,,Blast Setup,Double Bottom Found!,
409,Datamatics Global Services Limited,DATAMATICS,NSE:DATAMATICS,0.43,874.8,1504,1120,,2025-08-07,61,,708.35825,691.1676087,,,,,
510,India Glycols Limited,INDIAGLYCO,NSE:INDIAGLYCO,-0.02,910,588,1069,,2025-06-30,99,,769.07645,751.2713913,,,,,
420,Gokul Agro Resources Limited,GOKULAGRO,NSE:GOKULAGRO,-0.14,395.5,335,425,Alert Signal,2025-09-22,15,,298.3794,301.0901304,,,,,
350,Fiem Industries Limited,FIEMIND,NSE:FIEMIND,0.07,1916,104,2275,,2025-09-12,25,,1679.93375,1664.120217,,,,,
51,Fdc Limited,FDC,NSE:FDC,-0.14,464.4,67,569.95,,2024-10-16,356,,456.57075,463.7656522,HOT Demand Zone,Demand Zone,Blast Setup,,
251,Divi's Laboratories Limited,DIVISLAB,NSE:DIVISLAB,0.57,5837,912,7071.5,,2025-07-08,91,,6114.49025,6095.583913,HOT Demand Zone,Demand Zone,,,
136,Solar Industries India Limited,SOLARINDS,NSE:SOLARINDS,0.28,14180,6796,17820,,2025-06-30,99,,12823.38325,12498.22391,,,Blast Setup,,
373,Chamanlal Setia Exports Ltd,CLSEL,NSE:CLSEL,0,257.25,11,447.2,,2025-01-01,279,,325.56775,327.368913,,,,,
471,GE Vernova T&D India Ltd,GVT&D,NSE:GVT&D,0.45,3160,6367,3204.9,Alert Signal,2025-10-06,1,,2094.24225,2056.636739,,,,,
472,GE Vernova T&D India Ltd,GVT&D,NSE:GVT&D,0.45,3160,6367,3204.9,Alert Signal,2025-10-06,1,,2094.24225,2056.636739,,,,,
326,CG Power and Industrial Solutions Ltd,CGPOWER,NSE:CGPOWER,-0.05,754,3570,874.7,,2024-10-11,361,,667.444,676.7443478,,,,Possible Double Bottom Retest!,
597,Bansal Wire Industries Ltd,BANSALWIRE,NSE:BANSALWIRE,-0.01,345.85,205,503.95,,2024-12-09,302,,380.023,387.311087,,,,,
167,Knr Constructions Limited,KNRCON,NSE:KNRCON,0.4,196.99,124914,358.85,,2024-12-16,295,,237.2003,247.3467826,,,,Possible Double Bottom Retest!,
317,Triveni Turbine Limited,TRITURBINE,NSE:TRITURBINE,0.42,523.05,183,885,,2024-11-26,315,,588.25875,605.8695652,,,Blast Setup,,
428,Indostar Capital Finance Ltd,INDOSTAR,NSE:INDOSTAR,-0.37,250.4,892,366.3,,2025-07-01,98,,287.19925,286.121087,,,,,
539,Bls International Services Limited,BLS,NSE:BLS,-0.27,331,34696,521.8,,2025-01-03,277,,390.801,392.9186957,,,Blast Setup,,
540,Bls International Services Limited,BLS,NSE:BLS,-0.27,331,34696,521.8,,2025-01-03,277,,390.801,392.9186957,,,Blast Setup,,
634,Nalwa Sons Investments Limited,NSIL,NSE:NSIL,-2.7,7786.5,5446,9974,,2024-11-19,322,,6768.283,6909.556957,,,,Double Bottom Found!,
137,Greenlam Industries Limited,GREENLAM,NSE:GREENLAM,0.21,247.14,826,312,,2024-12-30,281,,249.4809,252.9773043,HOT Demand Zone,Demand Zone,,,
431,Naga Dhunseri Group Limited,NDGL,NSE:NDGL,-0.03,3967.6,0,6689,,2024-10-15,357,,4043.13725,4205.936522,HOT Demand Zone,Demand Zone,Blast Setup,,
645,Polyplex Corporation Limited,POLYPLEX,NSE:POLYPLEX,0.32,1015.6,5346,1478.7,,2024-12-11,300,,1185.4955,1195.230217,,,,,
559,ISGEC Heavy Engineering Ltd,ISGEC,NSE:ISGEC,0.8,882.2,85,1675.55,,2024-12-10,301,,1127.7625,1162.603696,,,,,
394,Kalyani Investment Company Limited,KICL,NSE:KICL,0.11,5230,127,8231.45,,2024-10-22,350,,4843.0935,5065.853696,HOT Demand Zone,,,,
549,LMW Ltd,LMW,NSE:LMW,-0.22,14656,80,18250,,2025-05-14,146,,15809.9465,15862.98391,,,,,
633,Computer Age Management Services Ltd,CAMS,NSE:CAMS,0.36,3844.2,771,5367.5,,2024-12-12,299,,3971.45925,4077.050435,HOT Demand Zone,Demand Zone,,Possible Double Bottom Retest!,
237,Authum Investment & Infrastructure Ltd,AIIL,NSE:AIIL,-0.48,3214,865,3295,Alert Signal,2025-09-16,21,,2235.80925,2158.774348,,,Blast Setup,,
599,Harrisons Malayalam Limited,HARRMALAYA,NSE:HARRMALAYA,0.89,202.95,0,341.85,,2024-12-16,295,,223.3724,229.0044783,,,Blast Setup,,🔥 Volume Breakout!
400,Eid Parry India Limited,EIDPARRY,NSE:EIDPARRY,0.01,1044.3,687,1246.8,,2025-07-31,68,,944.904,931.9576087,,,,,
191,Technocraft Industries (india) Limited,TIIL,NSE:TIIL,0.37,2236.3,1,3383,,2025-07-28,71,,2742.06175,2748.464565,,,,,
250,Power Grid Corporation Of India Limited,POWERGRID,NSE:POWERGRID,1.57,290.95,303665,345.4,,2024-11-25,316,,290.931,295.4304348,HOT Demand Zone,Demand Zone,,,
580,Dhunseri Investments Limited,DHUNINV,NSE:DHUNINV,0.03,1443.9,0,2562,,2024-10-21,351,,1576.6305,1669.702391,,,Blast Setup,Possible Double Bottom Retest!,
281,Eih Associated Hotels Limited,EIHAHOTELS,NSE:EIHAHOTELS,0.98,393.55,369,455.7,,2025-01-03,277,,379.351,380.838913,HOT Demand Zone,Demand Zone,Blast Setup,,
144,Trent Limited,TRENT,NSE:TRENT,-3.59,4695,18929,8345,,2024-10-14,358,,5525.08075,5687.697826,,,,,
519,Bajaj Healthcare Ltd,BAJAJHCARE,NSE:BAJAJHCARE,0.27,487.55,528,745,,2025-03-19,202,,547.81625,527.7204348,,,,,
423,Ge Power India Limited,GEPIL,NSE:GEPIL,No Data,#N/A,#N/A,#N/A,#N/A,No Data,#VALUE!,#N/A,#N/A,#N/A,#N/A,#N/A,#N/A,#N/A,#N/A
356,Ganesha Ecosphere Limited,GANECOS,NSE:GANECOS,-0.56,1221,138,2484.2,,2024-12-02,309,,1536.21625,1629.841957,,,Blast Setup,,
561,Ion Exchange (India) Ltd,IONEXCHANG,NSE:IONEXCHANG,-0.15,404.95,420,744.2,,2024-12-11,300,,520.82925,540.573913,,,,Possible Double Bottom Retest!,
138,Rashi Peripherals Ltd,RPTECH,NSE:RPTECH,-0.09,316.45,69,454.25,,2024-12-19,292,,313.32175,323.9947826,HOT Demand Zone,Demand Zone,,,
381,Biocon Limited,BIOCON,NSE:BIOCON,0.45,349.5,81476,406,,2025-07-18,81,,353.20325,352.1654348,HOT Demand Zone,Demand Zone,,,
274,Expleo Solutions Ltd,EXPLEOSOL,NSE:EXPLEOSOL,-0.7,1013.9,4,1567.45,,2024-12-17,294,,1093.13375,1121.43,,,Blast Setup,,
449,Sunflag Iron And Steel Company Limited,SUNFLAG,NSE:SUNFLAG,-0.06,267.05,842,322,,2025-07-03,96,,264.8468,257.8493043,HOT Demand Zone,Demand Zone,,Possible Double Bottom Retest!,
451,Sunflag Iron And Steel Company Limited,SUNFLAG,NSE:SUNFLAG,-0.06,267.05,842,322,,2025-07-03,96,,264.8468,257.8493043,HOT Demand Zone,Demand Zone,,Possible Double Bottom Retest!,
625,Kapston Services Ltd,KAPSTON,NSE:KAPSTON,0.14,251.8,133,319,,2024-11-07,334,,238.1689,243.4972174,HOT Demand Zone,Demand Zone,,,
474,Borosil Renewables Ltd,BORORENEW,NSE:BORORENEW,0.15,617.5,28206,659.9,Alert Signal,2025-07-24,75,,547.72225,538.7571739,,,,,
273,One 97 Communications Ltd,PAYTM,NSE:PAYTM,0.31,1230.3,494187,1296.6,Alert Signal,2025-09-04,33,,939.196,928.5941304,,,Blast Setup,,
275,Salzer Electronics Limited,SALZERELEC,NSE:SALZERELEC,-0.58,783.8,2763,1649.95,,2024-12-20,291,,1005.37275,1019.788043,,,Blast Setup,,
276,Salzer Electronics Limited,SALZERELEC,NSE:SALZERELEC,-0.58,783.8,2763,1649.95,,2024-12-20,291,,1005.37275,1019.788043,,,Blast Setup,,
307,Cantabil Retail India Limited,CANTABIL,NSE:CANTABIL,-0.06,254,40,334,,2025-02-05,244,,262.93865,258.8864783,HOT Demand Zone,Demand Zone,,Possible Double Bottom Retest!,
140,Roto Pumps Ltd,ROTO,NSE:ROTO,-0.36,77.5,2241,109.67,,2024-12-12,299,,85.80605,86.29943478,,,,,
493,Wealth First Portfolio Managers Ltd,WEALTH,NSE:WEALTH,-0.15,1180.1,0,1720,,2024-12-13,298,,1138.6045,1188.527609,HOT Demand Zone,Demand Zone,Blast Setup,Possible Double Bottom Retest!,
383,Page Industries Limited,PAGEIND,NSE:PAGEIND,0.06,42110,621,50590,,2025-06-27,102,,45178.345,45221.21826,,,,,
598,D-link (india) Limited,DLINKINDIA,NSE:DLINKINDIA,0.47,480.55,1079,645.1,,2024-12-17,294,,487.7955,498.6982609,HOT Demand Zone,Demand Zone,,,
650,Sterling Tools Limited,STERTOOLS,NSE:STERTOOLS,0.42,313.85,70,744.3,,2024-12-02,309,,377.45075,407.013913,,,,,
233,Sundaram Finance Holdings Ltd,SUNDARMHLD,NSE:SUNDARMHLD,2.86,646.45,244,653,Alert Signal,2025-10-03,4,,391.7735,382.5758696,,,,,
623,Mastek Limited,MASTEK,NSE:MASTEK,-0.37,2206.5,349,3375,,2024-12-04,307,,2471.00325,2553.12,,,,,
163,EMS Ltd,EMSLIMITED,NSE:EMSLIMITED,-0.98,557,15556,1016,,2024-12-18,293,,651.59675,672.2106522,,,,,
562,Cosmo Films Ltd,COSMOFIRST,NSE:COSMOFIRST,0.9,894.4,4945,1307.2,,2025-06-23,106,,877.261,866.6136957,HOT Demand Zone,Demand Zone,Blast Setup,,
506,Pavna Industries Ltd,PAVNAIND,NSE:PAVNAIND,1.92,36.9,2586,75.95,,2024-10-14,358,,40.86885,43.04921739,,,,,
258,Krishna Institute of Medical Sciences Ltd,KIMS,NSE:KIMS,0.01,720.15,8854,798.4,Alert Signal,2025-07-24,75,,657.86175,647.9404348,,,Blast Setup,,🔥 Volume Breakout!
309,Panama Petrochem Limited,PANAMAPET,NSE:PANAMAPET,0.02,281.5,17,416.2,,2024-12-19,292,,354.257,354.9063043,,,,,
232,Mayur Uniquoters Ltd,MAYURUNIQ,NSE:MAYURUNIQ,0.53,513.6,6396,659.55,,2024-11-08,333,,538.15675,546.0058696,HOT Demand Zone,Demand Zone,,,🔥 Volume Breakout!
7,Dynemic Products Ltd,DYNPRO,NSE:DYNPRO,0.03,337.45,265,485,,2024-11-19,322,,324.81175,339.4391304,HOT Demand Zone,Demand Zone,,,
294,IIFL Capital Services Ltd,IIFLCAPS,NSE:IIFLCAPS,0.9,302.7,751,386.7,,2024-12-11,300,,281.53255,284.8407177,HOT Demand Zone,Demand Zone,Blast Setup,,
671,Indoco Remedies Limited,INDOCO,NSE:INDOCO,1,284.45,166,355,,2024-12-03,308,,279.2308,283.9911304,HOT Demand Zone,Demand Zone,,,
682,Tejas Networks,TEJASNET,NSE:TEJASNET,-0.26,600,22281,1459.9,,2024-11-08,333,,767.82275,839.76,,,Blast Setup,Possible Double Bottom Retest!,
40,AGI Infra Ltd,AGIIL,NSE:AGIIL,0.86,1406,4029,1408,,2025-02-07,242,,948.8549,926.6825217,,,,,
678,Newgen Software Technologies Ltd,NEWGEN,NSE:NEWGEN,0.16,882.95,31702,1798.9,,2025-01-15,265,,1091.758,1111.966304,,,,Possible Double Bottom Retest!,
574,Garden Reach Shipbuilders & Engineers Ltd,GRSE,NSE:GRSE,0.55,2758.8,152351,3538.4,,2025-06-23,106,,2152.0295,2079.025652,,,Blast Setup,,
408,Praj Industries Limited,PRAJIND,NSE:PRAJIND,-0.37,347,116811,875,,2025-01-01,279,,532.06525,561.2041304,,,,,
410,Coromandel International Limited,COROMANDEL,NSE:COROMANDEL,-0.36,2342,306,2718.9,,2025-07-31,68,,2140.28925,2088.156522,,,Blast Setup,Double Bottom Found!,
370,Deccan Cements Limited,DECCANCE,NSE:DECCANCE,0.24,1044.4,48,1164.9,,2025-09-11,26,,841.56975,810.7956522,,,,,
367,Oberoi Realty Limited,OBEROIRLTY,NSE:OBEROIRLTY,0.38,1629.1,136,2343.65,,2024-12-27,284,,1756.9025,1790.978261,,,Blast Setup,Possible Double Bottom Retest!,
116,Garware Technical Fibres Ltd,GARFIBRES,NSE:GARFIBRES,0.03,750,3,986.39,,2024-12-09,302,,842.64595,848.276,,,,,
308,Chalet Hotels Ltd,CHALET,NSE:CHALET,-0.35,968,1927,1082,,2025-08-01,67,,880.9845,881.5858696,,,,,
595,Max Estates Ltd,MAXESTATES,NSE:MAXESTATES,0.25,484.5,1122,632,,2024-10-16,356,,476.38925,485.2017391,HOT Demand Zone,Demand Zone,,,
475,Panacea Biotec Limited,PANACEABIO,NSE:PANACEABIO,0.78,430.25,10289,581.9,,2025-04-30,160,,430.317,426.4217391,HOT Demand Zone,Demand Zone,Blast Setup,,
62,Welspun Enterprises Limited,WELENT,NSE:WELENT,0.48,544.1,10402,655,,2025-01-08,272,,514.76125,514.3315217,HOT Demand Zone,Demand Zone,Blast Setup,,
321,Savita Oil Technologies Limited,SOTL,NSE:SOTL,-0.4,401.2,863,610.6,,2024-12-06,305,,425.46025,438.1891304,,Demand Zone,,Possible Double Bottom Retest!,
518,Persistent Systems Limited,PERSISTENT,NSE:PERSISTENT,0.21,5197.7,20144,6788.9,,2024-12-20,291,,5594.03375,5630.311957,,,Blast Setup,,
452,Hexa Tradex Limited,HEXATRADEX,NSE:HEXATRADEX,0.42,174,0,331.6,,2024-12-03,308,,200.128,211.27,,,,Possible Double Bottom Retest!,
349,Pitti Engineering Ltd,PITTIENG,NSE:PITTIENG,0.92,980,108,1512.4,,2024-12-05,306,,1027.2015,1071.748696,,Demand Zone,,,
267,Lux Industries Limited,LUXIND,NSE:LUXIND,0.08,1295.1,119,2245,,2024-10-07,365,,1469.515,1529.041087,,,,Possible Double Bottom Retest!,
346,Quess Corp Limited,QUESS,NSE:QUESS,0.28,252.8,340,395.47,,2024-10-07,365,,435.51825,468.298913,,,,,
28,Mahindra & Mahindra Limited,M&M,NSE:M&M,-0.11,3474,16321,3723.8,Alert Signal,2025-09-09,28,,3063.031,3047.496522,,,Blast Setup,,
505,Tvs Electronics Limited,TVSELECT,NSE:TVSELECT,0.02,654.15,13320,680,Alert Signal,2025-09-29,8,,398.58825,393.0252174,,,,,
460,Hubtown Limited,HUBTOWN,NSE:HUBTOWN,0,319.1,8277,365.7,,2025-08-25,43,,255.66425,259.3,,,Blast Setup,,
607,Premier Explosives Limited,PREMEXPLN,NSE:PREMEXPLN,1.14,658.9,12825,668,Alert Signal,2025-10-06,1,,482.531,479.2121739,,,Blast Setup,Double Bottom Found!,
177,The Peria Karamalai Tea & Produce Company Limited,PKTEA,NSE:PKTEA,-2.37,796,7,1013.9,,2025-06-06,123,,735.115,713.1093478,,,,,
641,Gokaldas Exports Limited,GOKEX,NSE:GOKEX,0.77,725.35,23038,1262.15,,2024-12-18,293,,898.306,903.2586957,,,,,
688,Netweb Technologies India Ltd,NETWEB,NSE:NETWEB,0.75,4200,8280,4425.7,Alert Signal,2025-10-06,1,,2060.101,2156.661522,,,,,
554,Pricol Ltd.,PRICOLLTD,NSE:PRICOLLTD,0.56,509.7,7304,598.8,,2024-12-19,292,,469.73275,470.5506522,,,,,🔥 Volume Breakout!
507,LTI Mindtree Ltd,LTIM,NSE:LTIM,0.97,5325,4280,6767.95,,2024-12-16,295,,5194.216,5315.376304,HOT Demand Zone,Demand Zone,Blast Setup,,
19,Entero Healthcare Solutions Ltd,ENTERO,NSE:ENTERO,0,1068.8,10,1584.25,,2024-11-07,334,,1266.00125,1283.415,,,,,
545,Zuari Industries Ltd,ZUARIIND,NSE:ZUARIIND,-0.92,354.7,12878,416,,2025-09-25,12,,289.5753,295.7317826,,,,,
591,Data Patterns (India) Ltd,DATAPATTNS,NSE:DATAPATTNS,0,2850.7,1149,3268.8,,2025-06-06,123,,2379.23125,2384.812609,,,Blast Setup,Double Bottom Found!,
386,Yasho Industries Ltd,YASHO,NSE:YASHO,0.55,1640.4,33,2343.85,,2025-02-05,244,,1874.1095,1863.96413,,,,,
83,Five-Star Business Finance Ltd,FIVESTAR,NSE:FIVESTAR,-0.13,537.3,396,943.75,,2024-10-24,348,,684.66875,681.3413043,,,,,
134,Arihant Superstructures Ltd,ARIHANTSUP,NSE:ARIHANTSUP,1.01,400.3,474,553.6,,2025-01-07,273,,414.76525,409.3656522,HOT Demand Zone,Demand Zone,Blast Setup,Possible Double Bottom Retest!,
269,Apl Apollo Tubes Limited,APLAPOLLO,NSE:APLAPOLLO,0.17,1740.9,470,1936,,2025-06-09,120,,1616.922,1604.637174,,,Blast Setup,,
585,Universal Cables Limited,UNIVCABLES,NSE:UNIVCABLES,0.13,724.7,101,866.25,,2025-01-09,271,,646.665,645.035,,,Blast Setup,,
160,Westlife Development Ltd,WESTLIFE,NSE:WESTLIFE,0,672.35,2012,916.9,,2024-10-10,362,,731.71225,735.2645652,,,,,
416,Kalyan Jewellers India Ltd,KALYANKJIL,NSE:KALYANKJIL,0.66,481.5,157395,795.4,,2025-01-02,278,,542.31275,563.4715217,,,,,
398,Interarch Building Products Ltd,INTERARCH,NSE:INTERARCH,1.29,1960,4848,2400,,2025-07-23,76,,1868.3345,1830.622826,HOT Demand Zone,Demand Zone,Blast Setup,,
179,India Shelter Finance Corporation Ltd,INDIASHLTR,NSE:INDIASHLTR,-0.2,881,67,1011.75,,2025-07-21,78,,822.474,802.4426087,,Demand Zone,,,
102,Symphony Limited,SYMPHONY,NSE:SYMPHONY,0.07,918.7,64,1880.95,,2024-10-11,361,,1141.4945,1178.844348,,,,,
90,Sanofi India Limited,SANOFI,NSE:SANOFI,-0.15,4776.8,606,7090,,2024-10-16,356,,5692.7485,5775.870435,,,Blast Setup,,
351,Usha Martin Limited,USHAMART,NSE:USHAMART,0.03,456,1108,481.9,Alert Signal,2025-09-29,8,,347.442,354.0678261,,,,,
121,Puravankara Projects Limited,PURVA,NSE:PURVA,0.32,267.8,20,463.7,,2024-12-17,294,,281.42135,295.759,,Demand Zone,,,
329,Redtape Ltd,REDTAPE,NSE:REDTAPE,0.56,139.44,1047,245,,2025-02-04,245,,153.6269,161.4495217,,,,,
66,Firstsource Solutions Limited,NSE:FSL,NSE:FSL,0.55,331.65,38639,422.3,,2025-01-07,273,,357.0745,357.6043478,,,Blast Setup,,
575,Lincoln Pharmaceuticals Limited,LINCOLN,NSE:LINCOLN,0.1,529.1,106,979.5,,2024-12-09,302,,605.9485,620.353913,,,,,
2,Thirumalai Chemicals Limited,TIRUMALCHM,NSE:TIRUMALCHM,0.53,283.95,4395,394.95,,2024-12-06,305,,278.4898,286.4363478,HOT Demand Zone,Demand Zone,,,
605,NDR Auto Components Ltd,NDRAUTO,NSE:NDRAUTO,0.8,1068.3,67,1220,,2025-07-18,81,,871.16725,850.8726087,,,Blast Setup,,
43,Synergy Green Industries Ltd,NSE:SGIL,NSE:SGIL,-0.64,535,264,633.25,,2025-09-08,29,,481.3055,473.0680435,,,,,🔥 Volume Breakout!
23,Bharat Dynamics Ltd,NSE:BDL,NSE:BDL,-0.07,1553.6,3026,2096.6,,2025-05-30,130,,1481.66225,1431.008696,,Demand Zone,,,
421,Ipca Laboratories Limited,IPCALAB,NSE:IPCALAB,0.01,1319.2,545,1755.9,,2025-01-07,273,,1432.08675,1447.424348,,,Blast Setup,Possible Double Bottom Retest!,
509,Dynacons Systems & Solutions Limited,DSSL,NSE:DSSL,0.17,1006.9,143,1618.2,,2025-01-02,278,,1102.82825,1136.716522,,,,,
195,Kingfa Science & Technology (india) Limited,KINGFA,NSE:KINGFA,0.58,4510,0,4851,Alert Signal,2025-09-12,25,,3398.51725,3356.085435,,,,,
319,Mazagon Dock Shipbuilders Ltd,MAZDOCK,NSE:MAZDOCK,0.12,2908.2,4026,3775,,2025-05-29,131,,2735.4285,2664.383261,,Demand Zone,,,
691,Aditya Vision Ltd,NSE:AVL,NSE:AVL,-0.24,563.4,882,587,Alert Signal,2025-09-24,13,,445.31525,447.9097345,,,Blast Setup,,
104,Gabriel India Limited,GABRIEL,NSE:GABRIEL,0.49,1284.9,430,1331,Alert Signal,2025-09-16,21,,736.003,699.2391304,,,,,
227,The Indian Hotels Company Limited,INDHOTEL,NSE:INDHOTEL,0.2,725,189643,894.9,,2024-12-30,281,,776.73375,775.4878261,HOT Demand Zone,,,,
285,Lupin Limited,LUPIN,NSE:LUPIN,0.33,1946,15304,2402.9,,2025-01-02,278,,2019.0385,2029.203043,HOT Demand Zone,Demand Zone,,Possible Double Bottom Retest!,
297,ICE Make Refrigeration Ltd,ICEMAKE,NSE:ICEMAKE,0.45,737,110,1088.75,,2025-04-24,166,,788.0465,793.5904348,,Demand Zone,,Possible Double Bottom Retest!,
637,Credit Analysis And Research Limited,CARERATING,NSE:CARERATING,0,1482,144,1964,,2025-06-11,118,,1467.21025,1465.245652,HOT Demand Zone,Demand Zone,,,🔥 Volume Breakout!
582,The Sandesh Limited,SANDESH,NSE:SANDESH,1.35,1185.9,10,1814.95,,2024-10-07,365,,1253.70525,1304.91587,,Demand Zone,Blast Setup,Possible Double Bottom Retest!,
560,Concord Biotech Ltd,CONCORDBIO,NSE:CONCORDBIO,0.2,1623.7,2501,2451.7,,2025-02-10,239,,1805.08425,1829.422391,,,Blast Setup,Possible Double Bottom Retest!,
465,63 Moons Technologies,63MOONS,NSE:63MOONS,0.75,895,876,1130,,2025-07-10,89,,854.304,827.2523913,,Demand Zone,Blast Setup,,
466,63 Moons Technologies,63MOONS,NSE:63MOONS,0.75,895,876,1130,,2025-07-10,89,,854.304,827.2523913,,Demand Zone,Blast Setup,,
210,Bharti Airtel Limited,BHARTIARTL,NSE:BHARTIARTL,0.07,1900,28091,2045.8,Alert Signal,2025-07-02,97,,1797.649,1770.026739,HOT Demand Zone,Demand Zone,Blast Setup,Possible Double Bottom Retest!,
535,Oracle Financial Services Software Limited,OFSS,NSE:OFSS,-0.04,9090,6198,13220,,2024-12-30,281,,9015.69775,9376.543913,HOT Demand Zone,Demand Zone,Blast Setup,Double Bottom Found!,
536,Oracle Financial Services Software Limited,OFSS,NSE:OFSS,-0.04,9090,6198,13220,,2024-12-30,281,,9015.69775,9376.543913,HOT Demand Zone,Demand Zone,Blast Setup,Double Bottom Found!,
476,Arrow Greentech Limited,ARROWGREEN,NSE:ARROWGREEN,0,571.5,102,1099,,2024-11-08,333,,643.628,675.2176087,,,,,
315,Styrenix Performance Materials Ltd,STYRENIX,NSE:STYRENIX,-0.39,2460.8,1313,3498,,2025-06-11,118,,2817.79175,2785.289348,,,Blast Setup,,
316,Styrenix Performance Materials Ltd,STYRENIX,NSE:STYRENIX,-0.39,2460.8,1313,3498,,2025-06-11,118,,2817.79175,2785.289348,,,Blast Setup,,
478,DMCC Speciality Chemicals Ltd,DMCC,NSE:DMCC,0.76,309.95,16,452.7,,2024-12-17,294,,306.2025,308.1947826,HOT Demand Zone,Demand Zone,,Possible Double Bottom Retest!,
5,EPL Ltd,NSE:EPL,NSE:EPL,-0.46,215,15743,289.9,,2024-12-04,307,,226.50585,231.8535652,,Demand Zone,,,
169,Godrej Industries Limited,GODREJIND,NSE:GODREJIND,0.67,1136.8,286,1390,,2025-06-06,123,,1125.5385,1113.882609,HOT Demand Zone,Demand Zone,,,
388,Vedanta Limited,VEDL,NSE:VEDL,0.89,474.5,240270,526.95,Alert Signal,2024-12-16,295,,441.33725,444.2921739,HOT Demand Zone,Demand Zone,,,
336,Alphageo (india) Limited,ALPHAGEO,NSE:ALPHAGEO,-1.57,252.43,68,522.8,,2024-12-26,285,,290.02705,301.1841739,,,Blast Setup,,
296,Talbros Automotive Components Limited,TALBROAUTO,NSE:TALBROAUTO,-0.19,292.75,6634,352.7,,2024-12-11,300,,276.8178,281.5993913,HOT Demand Zone,Demand Zone,,,
630,Ifb Industries Limited,IFBIND,NSE:IFBIND,0.05,1680,32,2359.9,,2024-10-21,351,,1464.79325,1491.103913,,,,,
522,V.s.t Tillers Tractors Limited,VSTTILLERS,NSE:VSTTILLERS,0,5562,360,5688,Alert Signal,2025-10-06,1,,4288.18375,4343.491304,,,,,
438,Enviro Infra Engineers Ltd,EIEL,NSE:EIEL,0.45,248.06,71200,391.6,,2024-12-17,294,,245.33915,246.1191943,HOT Demand Zone,Demand Zone,,,
1,Glenmark Life Sciences Ltd,ALIVUS,NSE:ALIVUS,-0.13,933.7,75,1251,,2025-02-06,243,,1030.813068,1030.813068,,,,,
199,Rail Vikas Nigam Ltd,RVNL,NSE:RVNL,-2.53,347.1,13182,514.65,,2024-10-17,355,,35.33715517,35.33715517,,,,,
152,Clean Science & Technology Ltd,NSE:CLEAN,NSE:CLEAN,0.74,1076,11651,1640,,2024-10-17,355,,1302.962,1310.848696,,,,,
259,Ethos Ltd,ETHOSLTD,NSE:ETHOSLTD,0.47,2600,0,3216.84,,2024-12-02,309,,2593.9724,2634.68187,HOT Demand Zone,Demand Zone,,,
289,Rane Holdings Limited,RANEHOLDIN,NSE:RANEHOLDIN,0.14,1660,62,2066.75,,2024-10-16,356,,1487.82825,1533.477174,,,,,
45,Kaushalya Infrastructure Development Corporation Limited,KAUSHALYA,NSE:KAUSHALYA,-1.64,1100,1,1841.9,,2025-09-04,33,,970.41125,967.556087,,,,,
182,Adf Foods Limited,ADFFOODS,NSE:ADFFOODS,0.35,215.56,171,353.95,,2024-12-16,295,,251.2979,259.0431739,,,,,
372,Jindal Poly Films Limited,JINDALPOLY,NSE:JINDALPOLY,0.5,561.6,1304,1150,,2024-12-10,301,,683.83525,707.1497826,,,,,
664,Nuvama Wealth Management Ltd,NUVAMA,NSE:NUVAMA,0.01,6928.5,3061,8508.5,,2025-06-30,99,,6480.33575,6524.312826,HOT Demand Zone,Demand Zone,Blast Setup,Double Bottom Found!,
145,Brigade Enterprises Limited,BRIGADE,NSE:BRIGADE,0.7,899.95,153043,1410,,2024-10-08,364,,1051.092,1071.288478,,,,Possible Double Bottom Retest!,
679,K.P. Energy Ltd,KPEL,NSE:KPEL,2.19,406,22824,675,,2024-12-10,301,,450.30775,463.639726,,,,,
127,Jb Chemicals & Pharmaceuticals Limited,JBCHEPHARM,NSE:JBCHEPHARM,-0.24,1660,6998,1984,,2024-10-31,341,,1689.4475,1702.037391,HOT Demand Zone,Demand Zone,,,
262,Chemplast Sanmar Ltd,CHEMPLASTS,NSE:CHEMPLASTS,0,380,647,530,,2024-12-04,307,,437.58275,444.8819565,,,,,
467,N. B. I. Industrial Finance Company Limited,NBIFIN,NSE:NBIFIN,-0.1,2669,0,4100,,2024-12-16,295,,2638.785,2669.011087,HOT Demand Zone,Demand Zone,,,
334,Vls Finance Limited,VLSFINANCE,NSE:VLSFINANCE,0.34,221.1,62,430,,2024-10-21,351,,249.5793,267.4098261,,,Blast Setup,Possible Double Bottom Retest!,
427,Jupiter Wagons Ltd,JWL,NSE:JWL,0.46,340.3,56093,588,,2024-12-12,299,,375.50425,389.3828261,,,,,
188,Jsw Energy Limited,JSWENERGY,NSE:JSWENERGY,-0.45,538.55,2957,776.9,,2024-11-12,329,,524.124,545.0206522,HOT Demand Zone,Demand Zone,Blast Setup,,
592,Precision Camshafts Limited,PRECAM,NSE:PRECAM,0.11,200.38,17106,382.8,,2024-12-11,300,,217.24845,230.5808696,,,,,
301,Allied Blenders & Distillers Ltd,ABDL,NSE:ABDL,-0.43,553.85,7913,565.5,Alert Signal,2025-09-15,22,,414.362,403.9132609,,,,Double Bottom Found!,
365,Agarwal Industrial Corporation Limited,AGARIND,NSE:AGARIND,-0.03,933.8,484,1380,,2024-12-20,291,,1007.5485,1021.968478,,,,,
366,Agarwal Industrial Corporation Limited,AGARIND,NSE:AGARIND,-0.03,933.8,484,1380,,2024-12-20,291,,1007.5485,1021.968478,,,,,
284,Tata Investment Corporation Limited,TATAINVEST,NSE:TATAINVEST,1.54,10100,275272,11847,,2025-10-03,4,,6583.95575,6605.293696,,,,,
183,Dhanuka Agritech Limited,DHANUKA,NSE:DHANUKA,0.67,1503,132,1975,,2025-08-01,67,,1500.982,1507.87,HOT Demand Zone,Demand Zone,,,
371,Ajmera Realty & Infra India Limited,AJMERA,NSE:AJMERA,0.14,1000.85,9,1224.9,,2025-01-07,273,,916.67125,927.0036957,,,,Possible Double Bottom Retest!,
615,The India Cements Limited,INDIACEM,NSE:INDIACEM,0.84,397.7,9748,412.8,Alert Signal,2025-09-04,33,,332.21625,335.5856522,,,Blast Setup,,
266,Gandhi Special Tubes Limited,GANDHITUBE,NSE:GANDHITUBE,0.01,983,405,1031.8,Alert Signal,2025-09-08,29,,742.79725,751.201087,,,Blast Setup,,
264,Apollo Sindoori Hotels Limited,APOLSINHOT,NSE:APOLSINHOT,-0.4,1345,56,1999,,2024-10-09,363,,1403.554,1458.415,,Demand Zone,Blast Setup,Possible Double Bottom Retest!,
154,Wendt (india) Limited,WENDT,NSE:WENDT,0.39,8989.5,4,18033.65,,2024-12-11,300,,10647.5125,11315.58565,,,,,
194,Mphasis Limited,MPHASIS,NSE:MPHASIS,0.2,2793.2,9837,3237.95,,2024-12-12,299,,2675.68675,2712.789783,HOT Demand Zone,Demand Zone,Blast Setup,,
318,Century Enka Limited,CENTENKA,NSE:CENTENKA,0.63,483.05,12,749,,2024-12-13,298,,518.3565,534.6817391,,,,,
130,Hdfc Bank Limited,HDFCBANK,NSE:HDFCBANK,0.06,974,311161,1018.85,Alert Signal,2025-07-24,75,,931.2992,926.1491739,HOT Demand Zone,Demand Zone,Blast Setup,,
572,Aspinwall And Company Limited,ASPINWALL,NSE:ASPINWALL,0,264.7,25,345.9,,2025-02-07,242,,280.75685,281.0474783,HOT Demand Zone,Demand Zone,Blast Setup,Possible Double Bottom Retest!,
261,Capacite Infraprojects Ltd,CAPACITE,NSE:CAPACITE,0.42,284,716,465,,2024-12-18,293,,342.415,349.2228261,,,,,
566,SRM Contractors Ltd,NSE:SRM,NSE:SRM,-0.95,547.25,12189,578.95,Alert Signal,2025-10-06,1,,409.87675,396.5554348,,,,,
216,H.G. Infra Engineering Ltd,HGINFRA,NSE:HGINFRA,0,936.95,371,1559,,2025-01-02,278,,1121.7915,1151.504565,,,,,
579,Info Edge (india) Limited,NAUKRI,NSE:NAUKRI,-0.7,1377.2,1466,1825.78,,2025-01-06,274,,1449.2209,1470.931565,HOT Demand Zone,Demand Zone,Blast Setup,,
455,Reliance Infrastructure Limited,RELINFRA,NSE:RELINFRA,-0.68,242.1,2619,423.4,,2025-06-30,99,,290.4942,288.9164783,,,,,
122,Transport Corporation Of India Limited,NSE:TCI,NSE:TCI,0.88,1195.2,811,1309,Alert Signal,2024-12-09,302,,1112.3135,1116.194348,HOT Demand Zone,Demand Zone,,,
614,Tips Music Ltd,TIPSMUSIC,NSE:TIPSMUSIC,1.2,574.9,582,950,,2024-11-06,335,,648.15975,677.77,,,,,
563,Asian Energy Services Ltd,ASIANENE,NSE:ASIANENE,0.8,330.85,2979,418,,2025-01-06,274,,315.21775,319.148913,HOT Demand Zone,Demand Zone,,,
146,Marico Limited,MARICO,NSE:MARICO,-0.09,715.95,25125,759,Alert Signal,2025-08-21,47,,686.46875,678.3680435,HOT Demand Zone,Demand Zone,Blast Setup,,
91,Chemfab Alkalis Ltd,CHEMFAB,NSE:CHEMFAB,-0.22,617.55,33,1230,,2024-10-15,357,,805.77825,831.1913043,,,Blast Setup,,
168,Sun Pharmaceuticals Industries Limited,SUNPHARMA,NSE:SUNPHARMA,-0.32,1649.4,47174,1947,,2024-10-09,363,,1700.96675,1713.38913,HOT Demand Zone,Demand Zone,Blast Setup,,
553,Bf Investment Limited,BFINVEST,NSE:BFINVEST,-0.09,476.7,213,829,,2024-11-11,330,,511.0665,537.863913,,,,,
456,Marine Electricals (India) Ltd,MARINE,NSE:MARINE,0.4,225,611,333,,2024-12-17,294,,201.5883,207.7664783,,,,,
343,Yatharth Hospital & Trauma Care Services Ltd,YATHARTH,NSE:YATHARTH,-1.28,771.05,1652,819.95,Alert Signal,2025-09-15,22,,550.875,560.613913,,,Blast Setup,,🔥 Volume Breakout!
357,Aries Agro Limited,ARIES,NSE:ARIES,0.75,387.95,5482,459.9,,2025-08-25,43,,318.02855,318.2639565,,,Blast Setup,,
229,Titagarh Rail Systems Ltd,TITAGARH,NSE:TITAGARH,0.02,899,1098,1370,,2024-12-16,295,,889.49475,928.1795652,HOT Demand Zone,Demand Zone,Blast Setup,,
668,Piramal Enterprises Limited,PEL,NSE:PEL,0.96,1133,2148582,1355.3,,2025-07-30,69,,1085.84525,1084.385217,HOT Demand Zone,Demand Zone,#N/A,#N/A,#N/A
52,Larsen & Toubro Limited,LT,NSE:LT,0.29,3748,1674,3963.5,Alert Signal,2024-12-10,301,,3503.53075,3527.505652,HOT Demand Zone,Demand Zone,Blast Setup,,
683,Central Depository Services Ltd,CDSL,NSE:CDSL,0.25,1530,25821,1989.8,,2024-12-17,294,,1485.73225,1506.718261,HOT Demand Zone,Demand Zone,Blast Setup,,
37,Heg Limited,HEG,NSE:HEG,0.04,522,1170,619.5,,2024-12-05,306,,474.0905,473.1680435,,,Blast Setup,,
463,Suraj Ltd,SURAJLTD,NSE:SURAJLTD,-0.41,315.05,0,530.4,,2024-12-30,281,,388.149,394.0434783,,,,Possible Double Bottom Retest!,🔥 Volume Breakout!
257,Shriram Finance Ltd,SHRIRAMFIN,NSE:SHRIRAMFIN,-0.57,670.2,25311,717.5,Alert Signal,2025-04-21,169,,622.7909,621.2083478,,,Blast Setup,Double Bottom Found!,
426,JSW Infrastructure Ltd,JSWINFRA,NSE:JSWINFRA,0.15,307,79699,349,,2025-09-24,13,,297.23925,299.2121739,HOT Demand Zone,Demand Zone,,,
94,DC Infotech & Communication Ltd,DCI,NSE:DCI,0.48,259.5,432,449.9,,2025-01-01,279,,70.79575,71.406,,,,,
47,SMS Lifesciences India Ltd,SMSLIFE,NSE:SMSLIFE,-0.31,1162.1,0,1690,,2024-10-16,356,,1210.10425,1208.440217,HOT Demand Zone,Demand Zone,,,
571,Balu Forge Industries Ltd,BALUFORGE,NSE:BALUFORGE,1.17,647.9,742,873.9,,2024-10-21,351,,634.278,651.1306522,HOT Demand Zone,Demand Zone,,,
263,Dolphin Offshore Enterprises (India) Ltd,DOLPHIN,NSE:DOLPHIN,-0.45,388.4,0,661.35,,2024-11-04,337,,395.2987,415.028,HOT Demand Zone,Demand Zone,,Possible Double Bottom Retest!,
500,Electrotherm (india) Limited,ELECTHERM,NSE:ELECTHERM,0.25,1130.15,36,1455,,2024-12-12,299,,997.46075,1006.737826,,,Blast Setup,,
441,Pilani Investment And Industries Corporation Limited,PILANIINVS,NSE:PILANIINVS,0.15,5509.5,285,8207.45,,2024-10-22,350,,4815.76525,4995.210435,,,,,
489,Izmo Limited,IZMO,NSE:IZMO,-3.09,1115,8258,1374.7,,2025-09-29,8,,455.707,454.8002174,,,Blast Setup,,
170,Shree Pushkar Chemicals & Fertilisers Limited,SHREEPUSHK,NSE:SHREEPUSHK,0.84,432.8,9775,476,Alert Signal,2025-09-23,14,,319.50985,316.1986522,,,,,
280,Ghcl Limited,GHCL,NSE:GHCL,0.66,614.65,397,779,,2025-01-31,249,,622.60325,621.0684783,HOT Demand Zone,Demand Zone,Blast Setup,,
242,Zota Health Care Ltd,ZOTA,NSE:ZOTA,-0.65,1538.4,177,1555,Alert Signal,2025-09-15,22,,1030.7625,973.9584783,,,Blast Setup,,
243,Zota Health Care Ltd,ZOTA,NSE:ZOTA,-0.65,1538.4,177,1555,Alert Signal,2025-09-15,22,,1030.7625,973.9584783,,,Blast Setup,,
403,Vishnu Prakash R Punglia Ltd,VPRPL,NSE:VPRPL,0.06,92.88,1475,345.75,,2024-12-17,294,,179.82375,194.7715217,,,,,
249,Kalpataru Projects International Ltd,KPIL,NSE:KPIL,0.26,1251.2,151,1364.3,Alert Signal,2024-10-09,363,,1117.6645,1130.506957,,,,,
13,Dcm Shriram Limited,DCMSHRIRAM,NSE:DCMSHRIRAM,0.31,1197.7,2494,1502.3,,2025-07-24,75,,1148.081,1149.889348,HOT Demand Zone,Demand Zone,,,
387,V-mart Retail Limited,VMART,NSE:VMART,-1.07,825.15,29610,1130,,2024-10-31,341,,806.1453,829.2155652,HOT Demand Zone,Demand Zone,,,
212,Metro Brands Ltd,METROBRAND,NSE:METROBRAND,0.18,1239.6,18,1346.5,Alert Signal,2024-12-20,291,,1176.07475,1179.631522,HOT Demand Zone,Demand Zone,Blast Setup,,
268,Jindal Photo Limited,JINDALPHOT,NSE:JINDALPHOT,0.88,1111,36,1265,,2025-09-04,33,,845.991,843.1515217,,,Blast Setup,,
380,R K Swamy Ltd,RKSWAMY,NSE:RKSWAMY,0,146.43,816,289.44,,2024-12-18,293,,200.97245,204.4821739,,,,,
564,Jash Engineering Ltd,JASH,NSE:JASH,0.33,471.8,829,698.95,,2025-04-22,168,,563.34125,562.5845652,,,,,
600,Gopal Snacks Ltd,GOPAL,NSE:GOPAL,0.25,361.05,1580,520,,2024-11-06,335,,332.61575,348.5517391,HOT Demand Zone,,Blast Setup,,
651,Fairchem Organics Ltd,FAIRCHEMOR,NSE:FAIRCHEMOR,-0.33,777,30,1307,,2024-12-19,292,,932.6365,925.916087,,,Blast Setup,Possible Double Bottom Retest!,
95,Godfrey Phillips India Limited,GODFRYPHLP,NSE:GODFRYPHLP,0.5,3441.6,1038,3947,,2025-09-16,21,,2557.7951,2490.161391,,,Blast Setup,Possible Double Bottom Retest!,
252,Choice International Ltd,CHOICEIN,NSE:CHOICEIN,0.01,802,1188,836.8,Alert Signal,2025-09-25,12,,639.09825,625.2132609,,,Blast Setup,,
55,Icra Limited,ICRA,NSE:ICRA,0.05,6254,160,7735.4,,2024-10-17,355,,6191.48075,6258.711304,HOT Demand Zone,Demand Zone,,Possible Double Bottom Retest!,
513,Faze Three Ltd,FAZE3Q,NSE:FAZE3Q,0.42,463.6,206,747.95,,2025-07-24,75,,489.26675,479.0632609,HOT Demand Zone,Demand Zone,,,
434,Shyam Metalics & Energy Ltd,SHYAMMETL,NSE:SHYAMMETL,-1.5,945,25031,1001,Alert Signal,2025-07-31,68,,854.7605,852.0595652,,,,,
681,Knowledge Marine & Engineering Works Ltd,KMEW,NSE:KMEW,-0.5,2212.8,48,2599.9,,2025-09-22,15,,1775.397,1809.811416,,,,,
161,TBO Tek Ltd,TBOTEK,NSE:TBOTEK,-0.18,1599,1059,1845.55,,2025-01-06,274,,1410.05875,1432.296304,,,,,
413,NINtec Systems Ltd,NINSYS,NSE:NINSYS,0.56,441.55,1,642.25,,2024-12-17,294,,464.58175,479.2380435,,Demand Zone,,Possible Double Bottom Retest!,
624,Jindal Poly Investment And Finance Company Limited,JPOLYINVST,NSE:JPOLYINVST,0.18,924.25,0,1135,,2024-11-21,320,,817.06425,824.668913,,,,Possible Double Bottom Retest!,
306,Anand Rathi Wealth Ltd,ANANDRATHI,NSE:ANANDRATHI,1.99,2980.1,13512,3090.4,Alert Signal,2025-09-18,19,,2161.67365,2147.796652,,,Blast Setup,,
643,Saregama India Limited,SAREGAMA,NSE:SAREGAMA,0.06,465.2,4151,649.9,,2024-10-09,363,,507.823,506.5645652,,,,,
29,Jupiter Life Line Hospitals Ltd,JLHL,NSE:JLHL,-1.63,1492.7,4411,1770,,2025-03-25,196,,4.113285714,4.113285714,,,,,
192,Unichem Laboratories Limited,UNICHEMLAB,NSE:UNICHEMLAB,1,482.4,663,937.95,,2024-11-08,333,,617.26625,646.4330435,,,,,
80,Balrampur Chini Mills Limited,BALRAMCHIN,NSE:BALRAMCHIN,-0.8,471.6,13858,674,,2024-10-15,357,,538.037,543.113913,,,Blast Setup,,
415,Pix Transmission Ltd,PIXTRANS,NSE:PIXTRANS,0.98,1455,410,2799.95,,2024-12-02,309,,1680.761,1749.550435,,,,Possible Double Bottom Retest!,
234,Sangam (india) Limited,SANGAMIND,NSE:SANGAMIND,-1.02,407.05,50,513,,2025-06-30,99,,403.7385,400.5295652,HOT Demand Zone,Demand Zone,,,
27,Dlf Limited,DLF,NSE:DLF,0,735.1,109533,896.6,,2024-12-16,295,,754.61375,762.5995652,HOT Demand Zone,Demand Zone,Blast Setup,,
375,Albert David Limited,ALBERTDAVD,NSE:ALBERTDAVD,0.95,798.9,0,1540,,2024-12-11,300,,929.78125,985.3658696,,,,Possible Double Bottom Retest!,
532,Indian Metals & Ferro Alloys Limited,IMFA,NSE:IMFA,0.56,1164.3,482,1197.05,Alert Signal,2025-09-25,12,,763.7715,771.168913,,,,,
340,Xpro India Limited,XPROINDIA,NSE:XPROINDIA,1.24,1139.8,475,1677,,2024-12-18,293,,1208.38475,1220.320435,,Demand Zone,,,
404,Gala Precision Engineering Ltd,GALAPREC,NSE:GALAPREC,-0.06,760.05,84,1480,,2024-12-27,284,,915.23775,939.3823913,,,,,
399,United Spirits Ltd,UNITDSPR,NSE:UNITDSPR,0.06,1359.1,10555,1700,,2025-01-03,277,,1427.4865,1435.347826,HOT Demand Zone,Demand Zone,,,
395,J.G.Chemicals Ltd,JGCHEM,NSE:JGCHEM,-0.39,425,147,558,,2025-07-21,78,,394.385,395.9758696,HOT Demand Zone,,,,
587,Eih Limited,EIHOTEL,NSE:EIHOTEL,-0.2,381.35,10270,441.75,,2024-12-11,300,,376.5435,376.3728261,HOT Demand Zone,Demand Zone,,,
627,BSE (Bombay stock exchange),BSE,NSE:BSE,-0.7,2237,28403,3030,,2025-06-10,119,,2141.43,2070.915913,,Demand Zone,Blast Setup,,🔥 Volume Breakout!
628,BSE (Bombay stock exchange),BSE,NSE:BSE,-0.7,2237,28403,3030,,2025-06-10,119,,2141.43,2070.915913,,Demand Zone,Blast Setup,,🔥 Volume Breakout!
461,Spml Infra Limited,SPMLINFRA,NSE:SPMLINFRA,0.05,235,13214,323.4,,2025-08-01,67,,222.35605,221.86,HOT Demand Zone,Demand Zone,,,
663,Macpower CNC Machines Ltd,MACPOWER,NSE:MACPOWER,0.16,803.5,17,1610.95,,2024-12-16,295,,979.6795,1029.729348,,,Blast Setup,,
458,S & S Power Switchgear Ltd,S&SPOWER,NSE:S&SPOWER,1.27,397.4,0,493.75,,2024-12-24,287,,377.204,381.8791304,HOT Demand Zone,Demand Zone,,,
459,S & S Power Switchgear Ltd,S&SPOWER,NSE:S&SPOWER,1.27,397.4,0,493.75,,2024-12-24,287,,377.204,381.8791304,HOT Demand Zone,Demand Zone,,,
77,Prakash Pipes Ltd,PPL,NSE:PPL,1.23,304.6,352,610,,2024-10-17,355,,34.81135,34.6476087,,,,,🔥 Volume Breakout!
312,Wipro Limited,WIPRO,NSE:WIPRO,0.73,243.81,40744,324.6,,2025-01-23,257,,267.46665,270.3074348,,,Blast Setup,Possible Double Bottom Retest!,
313,Wipro Limited,WIPRO,NSE:WIPRO,0.73,243.81,40744,324.6,,2025-01-23,257,,267.46665,270.3074348,,,Blast Setup,Possible Double Bottom Retest!,
50,State Bank Of India,SBIN,NSE:SBIN,-0.38,874.15,16142,880.5,,2025-09-24,13,,790.66175,796.9141304,,,Blast Setup,,
113,Craftsman Automation Ltd,CRAFTSMAN,NSE:CRAFTSMAN,-0.08,6783,593,7254.5,Alert Signal,2025-08-26,42,,5459.43225,5397.976304,,,Blast Setup,Possible Double Bottom Retest!,
132,Eicher Motors Limited,EICHERMOT,NSE:EICHERMOT,0.79,6908,12941,7122.5,Alert Signal,2025-09-23,14,,5527.92075,5439.739348,,,,Possible Double Bottom Retest!,
18,Jindal Drilling And Industries Limited,JINDRILL,NSE:JINDRILL,-0.04,587.2,265,990.35,,2025-02-06,243,,710.2375,716.4826087,,,,Possible Double Bottom Retest!,
236,Abbott India Limited,ABBOTINDIA,NSE:ABBOTINDIA,0.25,30045,18,37000,,2025-06-27,102,,30768.10375,30447.87109,HOT Demand Zone,Demand Zone,,,
604,AksharChem (India) Ltd,AKSHARCHEM,NSE:AKSHARCHEM,-0.46,261.35,0,368.1,,2024-12-17,294,,261.06595,266.684087,HOT Demand Zone,Demand Zone,,,
425,Polycab India Ltd,POLYCAB,NSE:POLYCAB,0.12,7625,457,7714,Alert Signal,2025-09-22,15,,6299.19275,6379.444348,,,Blast Setup,,
204,Dr. Reddy's Laboratories Limited,DRREDDY,NSE:DRREDDY,0.23,1250.3,722,1405.9,,2025-01-08,272,,1243.9875,1243.342174,HOT Demand Zone,Demand Zone,Blast Setup,Possible Double Bottom Retest!,
584,AWFIS Space Solutions Ltd,AWFIS,NSE:AWFIS,0.13,589,136,810,,2024-11-12,329,,640.93125,651.3215217,,,,,
60,Max India Ltd,MAXIND,NSE:MAXIND,0.04,212.16,5,302.92,,2024-12-12,299,,207.7461,212.9662174,HOT Demand Zone,Demand Zone,,Possible Double Bottom Retest!,
111,Maharashtra Scooters Limited,MAHSCOOTER,NSE:MAHSCOOTER,-0.6,16650,39,18538,,2025-09-15,22,,12613.117,12247.41826,,,Blast Setup,,
332,Vedant Fashions Ltd,MANYAVAR,NSE:MANYAVAR,-0.28,693.8,1718,1512,,2024-12-02,309,,855.48025,923.1782609,,,Blast Setup,,
217,Maithan Alloys Limited,MAITHANALL,NSE:MAITHANALL,0.9,1162,617,1264,Alert Signal,2025-06-10,119,,1048.28575,1053.173043,,,,,
390,Antony Waste Handling Cell Ltd,AWHCL,NSE:AWHCL,-0.53,542.3,4051,859.4,,2024-11-06,335,,584.36375,597.6047826,,,,,
655,Afcons Infrastructure Ltd,AFCONS,NSE:AFCONS,0.09,449.15,17185,570,,2025-01-03,277,,450.35725,456.4712719,HOT Demand Zone,Demand Zone,,,
235,Healthcare Global Enterprises Limited,NSE:HCG,NSE:HCG,-1.16,651.1,8553,708,Alert Signal,2025-09-03,34,,562.76875,552.1623913,,,Blast Setup,,
255,Borosil Ltd,BOROLTD,NSE:BOROLTD,0.4,346.8,95,515.9,,2024-11-06,335,,351.2715,364.8343478,HOT Demand Zone,Demand Zone,,Possible Double Bottom Retest!,
454,Tembo Global Industries Ltd,TEMBO,NSE:TEMBO,-0.02,575.55,4,905,,2025-01-03,277,,571.22175,587.0413043,HOT Demand Zone,Demand Zone,,,
327,Century Plyboards (india) Limited,CENTURYPLY,NSE:CENTURYPLY,0.2,814.9,1868,925,,2024-10-11,361,,756.72525,759.9558696,HOT Demand Zone,,Blast Setup,,
526,Angel One Ltd,ANGELONE,NSE:ANGELONE,-0.55,2271.5,1434,3503.15,,2024-12-09,302,,2542.1475,2596.322174,,,Blast Setup,,
84,Indian Bank,INDIANB,NSE:INDIANB,0.25,760,68576,773.6,Alert Signal,2025-10-06,1,,592.9715,589.8997826,,,,,
244,Dr. Lal Path Labs Ltd.,LALPATHLAB,NSE:LALPATHLAB,0.36,3159.2,3964,3653.95,,2024-10-10,362,,2894.9425,2914.501087,,,Blast Setup,Possible Double Bottom Retest!,
422,Radico Khaitan Limited,RADICO,NSE:RADICO,-0.04,2951.7,2741,3067,Alert Signal,2025-09-19,18,,2533.5615,2510.107609,,,,,
245,Monarch Networth Capital Ltd,MONARCH,NSE:MONARCH,0.33,319.85,1111,495,,2024-11-07,334,,351.916,361.935,,,Blast Setup,,
368,Graphite India Limited,GRAPHITE,NSE:GRAPHITE,0.77,571.9,39951,614.4,Alert Signal,2024-12-04,307,,513.00925,513.9667391,,,Blast Setup,,
672,SRG Housing Finance Ltd,SRGHFL,NSE:SRGHFL,2.49,303.05,39,414,,2025-01-03,277,,320.59975,323.4697826,HOT Demand Zone,Demand Zone,,,
68,Tips Films Ltd,TIPSFILMS,NSE:TIPSFILMS,0.68,446,0,718,,2024-12-27,284,,530.362,529.1569565,,,,,
320,Esab India Limited,ESABINDIA,NSE:ESABINDIA,0.4,4943,7,6799,,2024-10-14,358,,5082.34375,5220.003478,HOT Demand Zone,Demand Zone,,,
538,Kddl Limited,KDDL,NSE:KDDL,-0.04,2673.7,2,3351,,2025-03-26,195,,2703.333,2713.798913,HOT Demand Zone,Demand Zone,,,
253,Metropolis Healthcare Ltd,METROPOLIS,NSE:METROPOLIS,3.48,2094.8,6589,2318.3,Alert Signal,2024-10-10,362,,1844.48525,1881.052391,,,Blast Setup,,🔥 Volume Breakout!
107,Varroc Engineering Ltd,VARROC,NSE:VARROC,0.47,612.35,2146,664.15,Alert Signal,2025-09-23,14,,529.0345,528.8519565,,,,Possible Double Bottom Retest!,
314,Medi Assist Healthcare Services Ltd,MEDIASSIST,NSE:MEDIASSIST,-0.23,536,547,689.25,,2024-10-14,358,,515.1415,525.9067391,HOT Demand Zone,Demand Zone,Blast Setup,Possible Double Bottom Retest!,
287,Uno Minda Ltd,UNOMINDA,NSE:UNOMINDA,-0.52,1335.9,1876,1348.3,,2025-09-22,15,,1043.5235,1041.113043,,,Blast Setup,,
656,Liberty Shoes Limited,LIBERTSHOE,NSE:LIBERTSHOE,0.57,337.75,838,569.6,,2024-10-18,354,,385.67575,399.7602174,,,,Possible Double Bottom Retest!,
488,E2E Networks Ltd,E2E,NSE:E2E,0,3894.7,4557,5487.65,,2024-11-07,334,#N/A,3.169240506,3.169240506,,,Blast Setup,,
635,S. P. Apparels Limited,SPAL,NSE:SPAL,-0.28,712,10,995,,2024-12-16,295,,800.45725,812.9573913,,,,,
99,Bajaj Holdings & Investment Limited,BAJAJHLDNG,NSE:BAJAJHLDNG,0.66,11867,961,14763,,2025-08-18,50,,12588.69525,12336.00326,HOT Demand Zone,Demand Zone,,,
358,Monte Carlo Fashions Limited,MONTECARLO,NSE:MONTECARLO,-0.5,671.15,1844,986,,2024-12-10,301,,625.13825,652.3923913,HOT Demand Zone,Demand Zone,,,
49,United Drilling Tools Ltd,UNIDT,NSE:UNIDT,-0.3,194.25,57,294.9,,2024-12-12,299,,222.9788,226.310087,,,,,🔥 Volume Breakout!
239,Orchid Pharma Ltd,ORCHPHARMA,NSE:ORCHPHARMA,1,737.1,17,1997.4,,2025-01-03,277,,948.6695,1028.857826,,,,,
286,Chambal Fertilizers & Chemicals Limited,CHAMBLFERT,NSE:CHAMBLFERT,0.21,516.5,22413,742.2,,2025-05-06,154,,561.0615,552.8928261,,,Blast Setup,,
282,Syngene International Limited,SYNGENE,NSE:SYNGENE,-0.11,634.5,11530,960.6,,2024-12-02,309,,696.91175,722.0747826,,,,,
277,ASK Automotive Ltd,ASKAUTOLTD,NSE:ASKAUTOLTD,0.18,516,175,578.5,,2025-09-24,13,,464.92925,463.1047826,,,,,
215,Blue Star Limited,BLUESTARCO,NSE:BLUESTARCO,-0.16,1895,2170,2417,,2025-01-06,274,,1869.2035,1871.421304,HOT Demand Zone,Demand Zone,,Possible Double Bottom Retest!,
364,Sonata Software Limited,SONATSOFTW,NSE:SONATSOFTW,0.48,355.7,36232,687.1,,2024-12-12,299,,426.20375,450.6815217,,,Blast Setup,,
61,Chembond Chemicals Ltd,CHEMBOND,NSE:CHEMBOND,2.34,183,1,398.11,,2024-12-24,287,,378.2464,403.1786087,,,,,🔥 Volume Breakout!
374,Sukhjit Starch & Chemicals Ltd,SUKHJITS,NSE:SUKHJITS,0.1,164.19,0,323,,2024-12-10,301,,201.63835,210.7830435,,,,,
279,Shivalik Rasayan Ltd,SHIVALIK,NSE:SHIVALIK,-0.1,432,0,879.05,,2025-02-06,243,,605.5385,607.4386957,,,,,
260,Varun Beverages Limited,VBL,NSE:VBL,-0.18,438.5,14931,663.6,,2025-01-02,278,,511.6365,525.0147826,,,,,
11,Sumitomo Chemical India Ltd,SUMICHEM,NSE:SUMICHEM,0.37,540.3,664,665,,2025-08-04,64,,533.61925,534.6354348,HOT Demand Zone,Demand Zone,Blast Setup,,
159,India Motor Parts And Accessories Limited,IMPAL,NSE:IMPAL,0.01,1092.5,0,1357.45,,2024-10-14,358,,1062.70975,1078.177609,HOT Demand Zone,Demand Zone,,,
34,Jk Cement Limited,JKCEMENT,NSE:JKCEMENT,0.55,6406,4278,7565.5,,2025-08-20,48,,5545.58275,5381.990652,,,Blast Setup,,
124,Greenpanel Industries Ltd,GREENPANEL,NSE:GREENPANEL,-0.4,302.45,14941,427,,2024-10-17,355,,285.32425,295.1913043,HOT Demand Zone,Demand Zone,Blast Setup,Double Bottom Found!,
8,Welspun Investments And Commercials Limited,WELINV,NSE:WELINV,0,1025,0,1325.9,,2025-07-02,97,,919.107,919.8545652,,,#N/A,#N/A,#N/A
541,Nitin Spinners Limited,NITINSPIN,NSE:NITINSPIN,-0.63,317.8,48,494.35,,2024-12-18,293,,371.3615,377.4304348,,,,,
442,Wanbury Limited,WANBURY,NSE:WANBURY,-0.18,256.6,76,329.7,,2025-05-16,144,,256.9103,256.3699565,HOT Demand Zone,Demand Zone,Blast Setup,,
147,Aster DM Healthcare Ltd,ASTERDM,NSE:ASTERDM,0.36,675,116072,676.55,,2025-10-06,1,,538.04875,527.6878261,,,Blast Setup,Double Bottom Found!,
477,Softtech Engineers Ltd,SOFTTECH,NSE:SOFTTECH,1.9,371.85,0,612.05,,2024-12-12,299,,384.2675,387.9006522,HOT Demand Zone,Demand Zone,,,
272,Eris Lifesciences,ERIS,NSE:ERIS,0.53,1607.2,940,1910,,2025-06-12,117,,1511.01425,1496.195,HOT Demand Zone,Demand Zone,Blast Setup,,
558,Lg Balakrishnan & Bros Limited,LGBBROSLTD,NSE:LGBBROSLTD,0.52,1401.7,541,1465,Alert Signal,2025-09-23,14,,1274.14625,1276.764348,,,,,
402,Cigniti Technologies Limited,CIGNITITEC,NSE:CIGNITITEC,0.05,1584.3,996,1970,,2024-12-17,294,,1565.4605,1566.400435,HOT Demand Zone,Demand Zone,Blast Setup,,
647,Platinum Industries Ltd,PLATIND,NSE:PLATIND,0.25,283.5,408,502.05,,2024-12-16,295,,296.64475,315.0228261,,Demand Zone,,,
445,Windsor Machines Limited,WINDMACHIN,NSE:WINDMACHIN,0.75,294,218,440.8,,2024-12-13,298,,329.994,326.0343043,,,,,
617,Sree Rayalaseema Hi-strength Hypo Limited,SRHHYPOLTD,NSE:SRHHYPOLTD,1.22,580.8,125,942,,2024-10-11,361,,611.1905,624.8654348,,Demand Zone,,,
556,S H Kelkar And Company Limited,SHK,NSE:SHK,0,237.77,15655,336.25,,2024-10-16,356,,222.2904,230.4307826,HOT Demand Zone,Demand Zone,Blast Setup,,
238,Krsnaa Diagnostics Ltd,KRSNAA,NSE:KRSNAA,-0.62,786.7,1169,1044,,2024-11-26,315,,784.7265,807.0319565,HOT Demand Zone,Demand Zone,Blast Setup,,
119,Action Construction Equipment Limited,ACE,NSE:ACE,17.86,1093,7225,1600,,2025-01-01,279,,1.04165,1.031086957,,,Blast Setup,,
106,Eveready Industries India Limited,EVEREADY,NSE:EVEREADY,0.32,369.65,841,475.2,,2025-09-05,32,,355.63325,359.5923913,HOT Demand Zone,Demand Zone,,,
405,Hcl Technologies Limited,HCLTECH,NSE:HCLTECH,0.59,1422,2468,2012.2,,2025-01-13,267,,1620.97375,1653.296087,,,Blast Setup,,
72,Kalyani Steels Limited,KSL,NSE:KSL,0.41,780.2,1099,1277,,2024-12-17,294,,1.1962,1.176608696,,,,,
271,PTC Industries Ltd,PTCIL,NSE:PTCIL,0.16,16650,1508,17995,Alert Signal,2025-01-10,270,,14103.72775,13797.99043,,,,,
214,United Breweries Limited,UBL,NSE:UBL,-0.05,1789.5,1138,2299.7,,2025-02-03,246,,1985.06075,1977.322174,,,,Possible Double Bottom Retest!,
100,Ultratech Cement Limited,ULTRACEMCO,NSE:ULTRACEMCO,0.51,12122,358,13097,Alert Signal,2025-09-04,33,,11712.094,11659.59717,HOT Demand Zone,Demand Zone,Blast Setup,,
38,Mrs Bectors Food Specialities Ltd,BECTORFOOD,NSE:BECTORFOOD,0.4,1260.5,4613,1976.7,,2024-12-05,306,,1460.474,1502.015435,,,Blast Setup,,
362,Tech Mahindra Limited,TECHM,NSE:TECHM,0.05,1440,720,1807.7,,2024-12-12,299,,1559.7665,1579.938261,,,Blast Setup,,
44,Macrotech Developers Ltd,LODHA,NSE:LODHA,0.63,1117.4,173714,1531,,2025-06-09,120,,1276.466,1276.177174,,,,,
2,KRN Heat Exchanger and Refrigeration Ltd,NSE:KRN,NSE:KRN,2.75,853,89447,1012,,2025-02-06,243,,827.99725,811.9126087,HOT Demand Zone,Demand Zone,,,
25,Icici Bank Limited,ICICIBANK,NSE:ICICIBANK,0.01,1363.6,259666,1500,Alert Signal,2025-07-25,74,,1363.3645,1354.411304,HOT Demand Zone,Demand Zone,,,
187,Mankind Pharma Ltd,MANKIND,NSE:MANKIND,0.27,2463.1,555,3054.8,,2024-12-23,288,,2502.06275,2517.542826,HOT Demand Zone,Demand Zone,Blast Setup,,
457,Emkay Global Financial Services Limited,EMKAY,NSE:EMKAY,-0.72,304,2,409.9,,2025-09-24,13,,240.79395,251.0401739,,,,,
149,Bosch Limited,BOSCHLTD,NSE:BOSCHLTD,0.18,38800,663,41945,Alert Signal,2025-09-10,27,,32964.549,33246.01913,,,Blast Setup,,
548,Beml Limited,BEML,NSE:BEML,0.03,4412,11230,4874.8,Alert Signal,2025-06-23,106,,3724.63175,3775.664783,,,,,
87,V-guard Industries Limited,VGUARD,NSE:VGUARD,-0.41,364,17430,454.55,,2024-11-04,337,,373.71225,380.5265217,HOT Demand Zone,Demand Zone,,Possible Double Bottom Retest!,
115,Narayana Hrudayalaya Ltd.,NH,NSE:NH,0.05,1790.3,931,2370.2,,2025-06-27,102,,1677.2035,1624.063478,,Demand Zone,Blast Setup,Possible Double Bottom Retest!,🔥 Volume Breakout!
667,Aditya Birla Sun Life AMC Ltd,ABSLAMC,NSE:ABSLAMC,0.17,821,182,911.85,Alert Signal,2024-12-02,309,,749.99175,760.1680435,,,,,
581,Welspun Corp Limited,WELCORP,NSE:WELCORP,2.19,852,42344,994,,2025-06-10,119,,833.574,823.2380435,HOT Demand Zone,Demand Zone,,Possible Double Bottom Retest!,
640,Creative Newtech Ltd,CREATIVE,NSE:CREATIVE,0.59,653,0,1075,,2024-12-12,299,,737.45375,763.6363043,,,,,
202,Artemis Medicare Services Ltd,ARTEMISMED,NSE:ARTEMISMED,0.74,244,432,350,,2024-12-19,292,,263.60085,269.349,,,Blast Setup,,
385,Harsha Engineers International Ltd,HARSHA,NSE:HARSHA,0.53,388.5,365,560,,2024-12-06,305,,409.0825,421.6826087,,Demand Zone,,,
638,Hindustan Composites Limited,HINDCOMPOS,NSE:HINDCOMPOS,0.88,457,46,647.95,,2024-12-11,300,,471.1825,472.5552174,HOT Demand Zone,Demand Zone,,,
86,Religare Enterprises Limited,RELIGARE,NSE:RELIGARE,0.62,250.55,19934,320,,2024-12-17,294,,245.5392,247.2206522,HOT Demand Zone,Demand Zone,,Possible Double Bottom Retest!,
103,Kei Industries Limited,KEI,NSE:KEI,-3.94,4161,192,4725,,2024-10-15,357,,9.28935,8.825130435,,,Blast Setup,Possible Double Bottom Retest!,
661,Swan Energy Limited,SWANENERGY,NSE:SWANENERGY,No Data,#N/A,#N/A,#N/A,#N/A,No Data,#VALUE!,#N/A,#N/A,#N/A,#N/A,#N/A,#N/A,#N/A,#N/A
69,Vadilal Industries Limited,VADILALIND,NSE:VADILALIND,0.18,5477,22,7398.5,,2025-05-14,146,,5043.2005,4884.338261,,,,,
142,J.kumar Infraprojects Limited,JKIL,NSE:JKIL,-0.11,641,581,819,,2024-12-04,307,,694.70475,701.5421739,,,,Possible Double Bottom Retest!,
533,Ramco Industries Limited,RAMCOIND,NSE:RAMCOIND,-0.79,351.85,128,398.05,,2025-09-22,15,,272.1006,273.8485217,,,Blast Setup,,
516,Aadhar Housing Finance Ltd,AADHARHFC,NSE:AADHARHFC,-0.19,515.5,13580,547.8,Alert Signal,2025-09-24,13,,452.49275,449.9097826,,,Blast Setup,Possible Double Bottom Retest!,
222,Voltas Limited,VOLTAS,NSE:VOLTAS,-0.4,1360,13324,1902,,2024-10-16,356,,1384.4005,1426.538696,HOT Demand Zone,Demand Zone,Blast Setup,,
418,Kalyani Forge Limited,KALYANIFRG,NSE:KALYANIFRG,-0.78,665.4,2,890,,2025-05-20,140,,668.833,654.5793478,HOT Demand Zone,Demand Zone,,,
184,Hindustan Petroleum Corporation Limited,HINDPETRO,NSE:HINDPETRO,-0.33,456.8,156732,459.15,,2025-10-06,1,,387.633,387.1108696,,,Blast Setup,,
361,Go Digit General Insurance Ltd,GODIGIT,NSE:GODIGIT,-0.47,348.45,442,395.85,,2024-10-09,363,,324.86475,326.3126087,HOT Demand Zone,Demand Zone,Blast Setup,,🔥 Volume Breakout!
444,Global Vectra Helicorp Limited,GLOBALVECT,NSE:GLOBALVECT,-0.04,207,1047,340,,2024-12-12,299,,242.2618,246.6417826,,,Blast Setup,,
589,Jindal Saw Limited,JINDALSAW,NSE:JINDALSAW,0.6,204.72,150293,383.85,,2024-10-09,363,,237.71465,247.5746957,,,,Possible Double Bottom Retest!,
59,Indo Thai Securities Limited,INDOTHAI,NSE:INDOTHAI,-2.47,305.9,138888,317.9,Alert Signal,2025-10-06,1,,185.8262,175.8916522,,,,,🔥 Volume Breakout!
333,Nesco Limited,NESCO,NSE:NESCO,0.66,1395.6,3459,1638.9,,2025-09-11,26,,1093.53375,1083.938913,,,Blast Setup,,
63,Orient Cement Limited,ORIENTCEM,NSE:ORIENTCEM,-0.12,223.49,1131,379,,2024-10-22,350,,300.44395,305.4558261,,,,Possible Double Bottom Retest!,
120,Dhunseri Tea & Industries Limited,NSE:DTIL,NSE:DTIL,-0.65,186.06,0,314,,2024-12-16,295,,202.3591,210.6394348,,,Blast Setup,,
162,Doms Industries Ltd,DOMS,NSE:DOMS,2.4,2485,45,3115,,2024-12-17,294,,2580.44425,2614.30587,HOT Demand Zone,Demand Zone,,,
133,Dic India Limited,DICIND,NSE:DICIND,-1.51,552.8,15,839.9,,2024-10-21,351,,636.9805,646.98,,,Blast Setup,,
576,Zen Technologies Limited,ZENTEC,NSE:ZENTEC,-0.29,1464.7,27065,2627,,2024-12-24,287,,1694.2185,1717.786739,,,,,
577,Zen Technologies Limited,ZENTEC,NSE:ZENTEC,-0.29,1464.7,27065,2627,,2024-12-24,287,,1694.2185,1717.786739,,,,,
348,Stove Kraft Ltd,STOVEKRAFT,NSE:STOVEKRAFT,0.01,679,20,975.4,,2025-01-20,260,,689.63075,702.4284783,HOT Demand Zone,Demand Zone,,Possible Double Bottom Retest!,
323,Thermax Limited,THERMAX,NSE:THERMAX,-0.35,3168,262,5719,,2024-10-28,344,,3522.9105,3690.234783,,,Blast Setup,,
218,Zensar Technologies Limited,ZENSARTECH,NSE:ZENSARTECH,-0.1,761.5,1298,984.95,,2025-02-06,243,,784.78975,779.6736957,HOT Demand Zone,Demand Zone,,Possible Double Bottom Retest!,
379,Ashoka Buildcon Limited,ASHOKA,NSE:ASHOKA,0.33,186.27,14769,319,,2024-12-31,280,,212.09735,216.957,,,,Possible Double Bottom Retest!,
588,Pakka Ltd,PAKKA,NSE:PAKKA,0.08,155,125,363.55,,2024-12-17,294,,203.27335,216.634,,,,Possible Double Bottom Retest!,
30,TCPL Packaging Ltd,TCPLPACK,NSE:TCPLPACK,-0.3,3384,0,4900,,2025-03-26,195,,3664.604,3600.409783,HOT Demand Zone,,,,
530,General Insurance Corporation of India,GICRE,NSE:GICRE,1.38,387.25,417734,525.5,,2024-12-20,291,,400.5695,398.7758696,HOT Demand Zone,Demand Zone,Blast Setup,,🔥 Volume Breakout!
531,General Insurance Corporation of India,GICRE,NSE:GICRE,1.38,387.25,417734,525.5,,2024-12-20,291,,400.5695,398.7758696,HOT Demand Zone,Demand Zone,Blast Setup,,🔥 Volume Breakout!
164,Siemens Limited,SIEMENS,NSE:SIEMENS,-0.21,3257.6,10398,4772.24,,2024-10-16,356,,3061.49685,3154.906435,HOT Demand Zone,Demand Zone,Blast Setup,,
181,Orbit Exports Limited,ORBTEXP,NSE:ORBTEXP,11.94,212.5,21835,306.29,,2024-12-17,294,,189.013,189.3329565,,,,,🔥 Volume Breakout!
569,Suraj Estate Developers Ltd,SURAJEST,NSE:SURAJEST,0.41,282.7,2706,828,,2024-10-18,354,,360.01025,397.8054348,,,,,
109,Heubach Colorants India Ltd,HEUBACHIND,NSE:HEUBACHIND,1.14,533.8,10,733.9,,2024-10-11,361,,577.79925,573.5,,,,,
240,Suyog Telematics Ltd,SUYOG,NSE:SUYOG,-1.82,820,0,1968.2,,2024-12-18,293,,1050.41675,1143.90587,,,Blast Setup,,
114,Alembic Pharmaceuticals Limited,APLLTD,NSE:APLLTD,0.75,914.65,3104,1303.9,,2024-10-09,363,,942.49475,960.0273913,HOT Demand Zone,Demand Zone,,,
92,Thyrocare Technologies Limited,THYROCARE,NSE:THYROCARE,3.75,1254.9,5151,1435,,2025-08-13,55,,981.12775,981.5356522,,,Blast Setup,,
155,Kec International Limited,NSE:KEC,NSE:KEC,0.75,863.45,52218,1313.25,,2024-12-04,307,,850.90725,878.3286957,HOT Demand Zone,Demand Zone,Blast Setup,,
311,Glenmark Pharmaceuticals Limited,GLENMARK,NSE:GLENMARK,-0.06,1970,144,2284.8,,2025-07-11,88,,1664.41225,1651.715435,,,Blast Setup,,
424,Jubilant Foodworks Limited,JUBLFOOD,NSE:JUBLFOOD,0.47,626.45,33906,796.75,,2025-01-06,274,,672.18825,666.9169565,HOT Demand Zone,,,,
616,Aaron Industries Ltd,AARON,NSE:AARON,0.16,185.19,126,258,,2025-08-25,43,,188.2354,183.9926957,HOT Demand Zone,Demand Zone,,,
354,Gillette India Limited,GILLETTE,NSE:GILLETTE,0.42,9460,650,11500,,2025-07-15,84,,9367.3695,9424.770435,HOT Demand Zone,Demand Zone,,,
347,Nahar Capital And Financial Services Limited,NAHARCAP,NSE:NAHARCAP,3.34,302.95,1,383.5,,2024-11-27,314,,285.13325,291.3082609,HOT Demand Zone,Demand Zone,,,🔥 Volume Breakout!
20,Industrial Investment Trust Limited,IITL,NSE:IITL,-0.81,200.43,0,444.95,,2024-12-03,308,,235.03095,255.1945217,,,,,
230,Waaree Energies Ltd,WAAREEENER,NSE:WAAREEENER,0,3439.1,3294,3865,,2025-09-12,25,,2785.04475,2801.771522,,,Blast Setup,,
35,Jsw Holdings Limited,JSWHL,NSE:JSWHL,-0.07,16150,201,27740,,2025-04-21,169,,19962.39575,19269.99674,,,Blast Setup,,
391,Tainwala Chemical And Plastic (i) Limited,TAINWALCHM,NSE:TAINWALCHM,2.07,210.99,119,335,,2024-11-11,330,,229.4246,237.9753478,,,,Possible Double Bottom Retest!,
15,Torrent Pharmaceuticals Limited,TORNTPHARM,NSE:TORNTPHARM,0.42,3540.8,46,3787.9,Alert Signal,2025-07-30,69,,3331.71075,3318.948261,HOT Demand Zone,Demand Zone,Blast Setup,Possible Double Bottom Retest!,
652,Sastasundar Ventures Limited,SASTASUNDR,NSE:SASTASUNDR,0.02,307.6,0,381.7,,2024-12-12,299,,278.6399,284.2705652,,,,,
292,Vardhman Holdings Limited,VHL,NSE:VHL,0,4000,108,5760,,2024-11-12,329,,0.0437,0.04869565217,,,Blast Setup,,
71,Bhartiya International Limited,BIL,NSE:BIL,0.02,824.2,0,984.75,,2025-07-23,76,,91.58295,91.58586957,,,,,
256,The Ruby Mills Limited,RUBYMILLS,NSE:RUBYMILLS,-0.4,226.8,6,323.95,,2024-12-12,299,,222.52465,226.3744348,HOT Demand Zone,Demand Zone,,Possible Double Bottom Retest!,
481,Aditya Birla Money Limited,BIRLAMONEY,NSE:BIRLAMONEY,0.68,174.4,21,303.72,,2024-12-24,287,,180.9257,179.8603043,HOT Demand Zone,Demand Zone,,,
491,Sundaram Brake Linings Limited,SUNDRMBRAK,NSE:SUNDRMBRAK,-0.06,759.9,5,1440,,2024-12-30,281,,867.0045,865.3341304,,,Blast Setup,Possible Double Bottom Retest!,
435,The Grob Tea Company Limited,GROBTEA,NSE:GROBTEA,-0.19,1044,0,1514.7,,2024-10-10,362,,1036.92975,1048.69413,HOT Demand Zone,Demand Zone,Blast Setup,,
382,Mazda Limited,MAZDA,NSE:MAZDA,0.26,288.3,1241,428.88,,2025-01-28,252,,281.4711,279.829087,HOT Demand Zone,Demand Zone,,,
447,Diffusion Engineers Ltd,DIFFNKG,NSE:DIFFNKG,1.09,385.95,34093,489.96,,2024-10-22,350,,309.1216,311.5750435,,,Blast Setup,,
247,Eclerx Services Limited,ECLERX,NSE:ECLERX,0.77,4015.2,2109,4640,,2025-08-26,42,,3393.55575,3390.362609,,,Blast Setup,,
75,Strides Shasun Limited,STAR,NSE:STAR,-22.5,834.9,4608,972,,2024-10-17,355,,0.1122222222,0.1122222222,,,Blast Setup,,
76,MMP Industries Ltd,MMP,NSE:MMP,0,283.95,0,390.9,,2024-10-21,351,,2945.613636,2945.613636,,,Blast Setup,,
81,Bharat Electronics Limited,BEL,NSE:BEL,0,413.25,341412,436,Alert Signal,2025-07-01,98,,0.01244680851,0.01244680851,,,Blast Setup,,
523,The United Nilgiri Tea Estates Company Limited,UNITEDTEA,NSE:UNITEDTEA,0,464,0,619,,2025-01-01,279,,450.7535,453.0215217,HOT Demand Zone,Demand Zone,,Possible Double Bottom Retest!,
108,Multi Commodity Exchange Of India Limited,MCX,NSE:MCX,-0.44,8260,7868,9115,Alert Signal,2025-07-01,98,,20853.45765,20831.86013,,,,,
201,Nuvoco Vistas Corporation Ltd,NUVOCO,NSE:NUVOCO,0.39,423.25,2134,477.5,,2025-09-04,33,,366.937,364.8863043,,,,,
46,Shankara Building Products,SHANKARA,NSE:SHANKARA,-5,160.77,1103,287.93,,2025-07-31,68,,771.0826,750.5872609,,,,,
67,Max Financial Services Limited,NSE:MFSL,NSE:MFSL,-0.31,1603.9,12797,1674.8,Alert Signal,2025-08-18,50,,1339.8465,1320.18087,,,Blast Setup,,
583,Vidhi Specialty Food Ingredients,VIDHIING,NSE:VIDHIING,-0.6,345,30,569.15,,2024-12-16,295,,435.64525,442.3202174,,,,,🔥 Volume Breakout!
369,Raymond Limited,RAYMOND,NSE:RAYMOND,0.16,582.2,477,783.9,,2024-12-11,300,,1068.70425,1141.621957,,,,,
54,Bannari Amman Sugars Limited,BANARISUG,NSE:BANARISUG,-1.46,3340,70,4444,,2025-05-16,144,,3758.1905,3730.662826,,,,,🔥 Volume Breakout!
649,Sil Investments Limited,SILINV,NSE:SILINV,0.12,634.85,58,910,,2024-10-22,350,,590.48025,603.5154348,HOT Demand Zone,Demand Zone,,,
200,Indo Count Industries Limited,ICIL,NSE:ICIL,0.75,267.15,659,423.95,,2024-12-16,295,,291.71465,299.7101304,,,,,
14,Mahalaxmi Rubtech Ltd,MHLXMIRU,NSE:MHLXMIRU,0.04,219.3,0,325.8,,2024-12-16,295,,226.36605,218.2966522,HOT Demand Zone,Demand Zone,,Possible Double Bottom Retest!,
33,Ram Ratna Wires Ltd,RAMRAT,NSE:RAMRAT,0.43,642.05,302,785.95,,2025-07-30,69,,609.303,607.8884783,HOT Demand Zone,Demand Zone,Blast Setup,,
295,Hester Biosciences Limited,HESTERBIO,NSE:HESTERBIO,0.46,1811.8,204,2786.1,,2024-11-08,333,,1889.19675,1969.90587,,Demand Zone,,,
525,Coforge (Niit Tech),COFORGE,NSE:COFORGE,0.48,1667.5,3794,2005.36,,2024-12-30,281,,1687.92685,1685.227739,HOT Demand Zone,Demand Zone,Blast Setup,,
429,Kabra Extrusion Technik Limited,KABRAEXTRU,NSE:KABRAEXTRU,-0.08,252.4,727,590,,2025-01-03,277,,330.61875,349.91,,,Blast Setup,,
436,UTI Asset Management Company Ltd,UTIAMC,NSE:UTIAMC,0.18,1317,935,1494.8,,2025-07-22,77,,1199.9685,1214.728478,,,,Possible Double Bottom Retest!,
337,Crisil Limited,CRISIL,NSE:CRISIL,0.66,4575.9,1781,6950,,2024-12-31,280,,5166.65175,5194.035,,,,,
338,Crisil Limited,CRISIL,NSE:CRISIL,0.66,4575.9,1781,6950,,2024-12-31,280,,5166.65175,5194.035,,,,,
36,Tata Consultancy Services Limited,NSE:TCS,NSE:TCS,-0.49,2975.9,13590,4494.9,,2024-12-13,298,,3508.49125,3603.45087,,,Blast Setup,,
21,Western India Plywoods Ltd,WIPL,NSE:WIPL,0.15,163,0,270,,2024-12-20,291,,175.7174,179.2207826,,,Blast Setup,,
22,Western India Plywoods Ltd,WIPL,NSE:WIPL,0.15,163,0,270,,2024-12-20,291,,175.7174,179.2207826,,,Blast Setup,,
567,Mangalam Cement Limited,MANGLMCEM,NSE:MANGLMCEM,0,757.3,100,1019,,2025-01-03,277,,789.37425,799.0952174,HOT Demand Zone,Demand Zone,Blast Setup,,
41,The Ramco Cements Limited,RAMCOCEM,NSE:RAMCOCEM,2.6,990.5,8245,1209,,2025-07-31,68,,989.64875,984.5021739,HOT Demand Zone,Demand Zone,,,🔥 Volume Breakout!
448,Iti Limited,ITI,NSE:ITI,1.59,320.4,119624,592.7,,2025-01-07,273,,306.63385,304.7853043,HOT Demand Zone,Demand Zone,,,🔥 Volume Breakout!
56,Jk Lakshmi Cement Limited,JKLAKSHMI,NSE:JKLAKSHMI,-0.06,859.2,78,1021.2,,2025-07-22,77,,843.932,836.5993478,HOT Demand Zone,Demand Zone,,,
648,Grp Limited,GRPLTD,NSE:GRPLTD,0.59,2167.1,36,3550,,2024-10-14,358,,2668.83525,2739.428913,,,,Possible Double Bottom Retest!,
590,Nahar Poly Films Limited,NAHARPOLY,NSE:NAHARPOLY,1.49,307.05,395,389.95,,2025-06-10,119,,269.8995,269.2824348,,,Blast Setup,,
57,Cyient Limited,CYIENT,NSE:CYIENT,0.2,1192.9,376,2112,,2024-12-11,300,,1348.10425,1419.338696,,,Blast Setup,,
213,PSP Projects,PSPPROJECT,NSE:PSPPROJECT,-0.35,779,384,843.45,Alert Signal,2025-07-17,82,,684.58925,677.9306522,,,Blast Setup,,
629,Khadim India Ltd,KHADIM,NSE:KHADIM,0.65,261.85,934,420.95,,2024-10-18,354,,292.79265,303.789913,,,,,
97,Bsl Limited,BSL,NSE:BSL,-1.25,162.02,0,331.85,,2024-12-23,288,,14.19655,14.23169565,,,Blast Setup,,
644,Ramco Systems Limited,RAMCOSYS,NSE:RAMCOSYS,0.06,509.45,12,564.8,Alert Signal,2025-09-19,18,,395.6045,400.9006522,,,,,
85,Ncc Limited,NCC,NSE:NCC,-0.95,210.41,50518,326.45,,2024-12-06,305,,143.958,145.353913,,,Blast Setup,,
151,Ambika Cotton Mills Limited,AMBIKCO,NSE:AMBIKCO,0,1413.6,10,1797,,2024-12-17,294,,1490.7475,1497.423261,HOT Demand Zone,Demand Zone,Blast Setup,,
105,Apollo Hospitals Enterprise Limited,APOLLOHOSP,NSE:APOLLOHOSP,0.16,7640,18228,7980,Alert Signal,2025-08-22,46,,7079.69025,7075.772609,,,Blast Setup,,
494,Bf Utilities Limited,BFUTILITIE,NSE:BFUTILITIE,-0.11,800,6517,1129.1,,2024-10-16,356,,783.416,802.7669565,HOT Demand Zone,Demand Zone,,Possible Double Bottom Retest!,
345,Petronet Lng Limited,PETRONET,NSE:PETRONET,0.57,281.9,3130,361.8,,2024-10-07,365,,300.65375,304.6343478,,Demand Zone,Blast Setup,,
468,Signpost India Ltd,SIGNPOST,NSE:SIGNPOST,0.75,260.55,500,403.3,,2025-01-08,272,,263.644,265.3544348,HOT Demand Zone,Demand Zone,Blast Setup,,
504,Dodla Dairy Ltd,DODLA,NSE:DODLA,-0.1,1350.7,200,1525,,2025-07-15,84,,1231.23475,1229.453043,,,Blast Setup,,🔥 Volume Breakout!
328,Fortis Healthcare Limited,FORTIS,NSE:FORTIS,0,1035.45,14847,1060.1,Alert Signal,2025-10-06,1,,749.10875,738.1247826,,,Blast Setup,,🔥 Volume Breakout!
98,Infosys Limited,INFY,NSE:INFY,2.83,1481.3,380358,2006.45,,2024-12-13,298,,18.7331,19.19791304,,,Blast Setup,,
39,Interglobe Aviation Limited,INDIGO,NSE:INDIGO,-0.34,5660,19959,6232.5,Alert Signal,2025-08-18,50,,5199.01925,5066.077391,,,Blast Setup,Possible Double Bottom Retest!,
378,Amrutanjan Health Care Limited,AMRUTANJAN,NSE:AMRUTANJAN,-1,715.05,16,842.9,,2025-01-13,267,,690.1345,694.6813043,HOT Demand Zone,Demand Zone,,,
547,Eureka Forbes Ltd,EUREKAFORB,NSE:EUREKAFORB,0.65,560.5,23,655.5,,2025-05-30,130,,557.49525,562.1978261,HOT Demand Zone,Demand Zone,Blast Setup,,
231,Procter & Gamble Health Ltd,NSE:PGHL,NSE:PGHL,-0.26,6195,12,6739,Alert Signal,2025-08-29,39,,5627.36475,5593.148043,,,,,🔥 Volume Breakout!
384,Ramkrishna Forgings Limited,RKFORGE,NSE:RKFORGE,-1.01,554.75,29272,1064.05,,2024-10-15,357,,685.613,720.4758696,,,,,
360,Medicamen Biotech Ltd,MEDICAMEQ,NSE:MEDICAMEQ,0.21,304,0,630,,2024-12-06,305,,431.99,441.1893478,,,,,
148,Bhagiradha Chemicals & Industries Ltd,BHAGCHEM,NSE:BHAGCHEM,-0.85,264,237,374,,2024-10-16,356,,291.49975,297.5978261,,,,,
397,Nazara Technologies Ltd,NAZARA,NSE:NAZARA,0,278.8,3942,363.25,,2025-08-13,55,,280.3199,275.1443478,HOT Demand Zone,Demand Zone,,,
206,Shree Cements Limited,SHREECEM,NSE:SHREECEM,0.46,29370,22,32490,Alert Signal,2025-07-22,77,,29227.0455,28747.8937,HOT Demand Zone,Demand Zone,Blast Setup,Possible Double Bottom Retest!,
303,Vijaya Diagnostic Centre Ltd,VIJAYA,NSE:VIJAYA,1.55,1009.3,15419,1275,,2025-01-13,267,,1024.126,1032.14087,HOT Demand Zone,Demand Zone,,,
211,V2 Retail Limited,V2RETAIL,NSE:V2RETAIL,0.72,2320.4,330,2350,Alert Signal,2025-10-06,1,,1778.04075,1710.545435,,,Blast Setup,,
550,Swelect Energy Systems Limited,SWELECTES,NSE:SWELECTES,-0.3,914.65,63,1278.8,,2024-11-06,335,,700.95275,752.0676087,,,Blast Setup,,
534,Gm Breweries Limited,GMBREW,NSE:GMBREW,0.33,738.55,119,885.25,,2024-10-09,363,,708.48975,720.3747826,HOT Demand Zone,Demand Zone,Blast Setup,Double Bottom Found!,
578,Shreyas Shipping & Logistics Ltd,TRANSWORLD,NSE:TRANSWORLD,0,249,97,492,,2024-12-12,299,,295.0751,309.7974783,,,,,
128,The Phoenix Mills Limited,PHOENIXLTD,NSE:PHOENIXLTD,0.34,1597.6,945,1902,,2024-12-10,301,,1575.87525,1582.475217,HOT Demand Zone,Demand Zone,Blast Setup,,
172,Shree Vasu Logistics Ltd,SVLL,NSE:SVLL,0,787.95,0,855.7,Alert Signal,2025-06-10,119,,589.098,553.5723913,,,,Possible Double Bottom Retest!,
226,Jindal Worldwide Limited,JINDWORLD,NSE:JINDWORLD,0,35.19,29484,94.24,,2025-01-08,272,,59.5688,60.50486957,,,,Possible Double Bottom Retest!,
221,Godrej Properties Limited,GODREJPROP,NSE:GODREJPROP,-0.14,2055,509,3239.65,,2024-10-17,355,,2208.38375,2286.565217,,,Blast Setup,,
669,Swiggy Ltd,SWIGGY,NSE:SWIGGY,0.11,422.55,414708,617.3,,2024-12-23,288,,397.329,404.8995455,HOT Demand Zone,Demand Zone,Blast Setup,,
288,Centum Electronics Limited,CENTUM,NSE:CENTUM,-0.1,2609.9,1181,3044,,2025-09-05,32,,2079.222,2026.53413,,,Blast Setup,,
178,Indian Card Clothing Company Limited,INDIANCARD,NSE:INDIANCARD,0.89,259,4,452.2,,2024-12-18,293,,293.19525,291.1476087,,,,,
173,Thomas Scott (india) Limited,THOMASCOTT,NSE:THOMASCOTT,0.35,345.25,0,509,,2024-12-26,285,,360.12685,343.9502609,HOT Demand Zone,Demand Zone,,,
174,Thomas Scott (india) Limited,THOMASCOTT,NSE:THOMASCOTT,0.35,345.25,0,509,,2024-12-26,285,,360.12685,343.9502609,HOT Demand Zone,Demand Zone,,,
175,Panache Digilife Ltd,PANACHE,NSE:PANACHE,-1.44,444,1100,452.05,Alert Signal,2025-10-06,1,,258.32405,252.737087,,,Blast Setup,,
176,Panache Digilife Ltd,PANACHE,NSE:PANACHE,-1.44,444,1100,452.05,Alert Signal,2025-10-06,1,,258.32405,252.737087,,,Blast Setup,,
180,Power & Instrumentation (Gujarat) Ltd,PIGL,NSE:PIGL,0.63,172,1782,417,,2025-01-10,270,,193.4018,205.1013043,,,Blast Setup,,
503,Sri Adhikari Brothers Television Network Ltd,SABTNL,NSE:SABTNL,2.34,900,71,2219.95,,2024-12-10,301,,842.73,960.746087,HOT Demand Zone,Demand Zone,,,
330,Mallcom (India) Ltd,MALLCOM,NSE:MALLCOM,-0.83,1301.1,10,1785,,2024-12-27,284,,1277.704,1309.582826,HOT Demand Zone,Demand Zone,Blast Setup,,
331,Mallcom (India) Ltd,MALLCOM,NSE:MALLCOM,-0.83,1301.1,10,1785,,2024-12-27,284,,1277.704,1309.582826,HOT Demand Zone,Demand Zone,Blast Setup,,
228,Marathon Nextgen Realty Limited,MARATHON,NSE:MARATHON,0.22,603.8,465,769.45,,2025-07-17,82,,576.185,578.3847826,HOT Demand Zone,Demand Zone,Blast Setup,Possible Double Bottom Retest!,
305,Aegis Logistics Ltd,AEGISLOG,NSE:AEGISLOG,-0.14,833.1,79906,1037,,2025-01-08,272,,770.81625,776.0136957,HOT Demand Zone,,,,
639,Ashiana Housing Limited,ASHIANA,NSE:ASHIANA,0.94,298.45,1534,395.7,,2025-01-08,272,,314.7275,314.6565217,HOT Demand Zone,Demand Zone,,,
352,Nahar Spinning Mills Limited,NAHARSPING,NSE:NAHARSPING,-0.11,207.25,0,316,,2024-12-17,294,,239.94965,243.0836087,,,,,
129,Geecee Ventures Limited,GEECEE,NSE:GEECEE,1.24,351.35,0,467.7,,2024-12-03,308,,389.63275,393.0282609,,,Blast Setup,,
223,KFin Technologies Ltd,KFINTECH,NSE:KFINTECH,0.49,1067.7,20623,1641.35,,2024-12-30,281,,1142.848,1138.43413,HOT Demand Zone,,,,
224,KFin Technologies Ltd,KFINTECH,NSE:KFINTECH,0.49,1067.7,20623,1641.35,,2024-12-30,281,,1142.848,1138.43413,HOT Demand Zone,,,,
165,Itd Cementation India Limited,ITDCEM,NSE:ITDCEM,No Data,#N/A,#N/A,#N/A,#N/A,No Data,#VALUE!,#N/A,#N/A,#N/A,#N/A,#N/A,#N/A,#N/A,#N/A
166,Jayant Agro Organics Limited,JAYAGROGN,NSE:JAYAGROGN,0.55,238,50,324.7,,2024-12-05,306,,253.2235,257.8073913,,Demand Zone,,,
684,Selan Exploration Technology Limited,SELAN,NSE:SELAN,No Data,#N/A,#N/A,#N/A,#N/A,No Data,#VALUE!,#N/A,#N/A,#N/A,#N/A,#N/A,#N/A,#N/A,#N/A
241,Max Healthcare Institute Ltd,MAXHEALTH,NSE:MAXHEALTH,-1.1,1122.1,195883,1314.3,,2025-07-04,95,,1147.049,1133.633043,HOT Demand Zone,Demand Zone,Blast Setup,,
6,Startech Finance Ltd,STARTECK,NSE:STARTECK,-0.55,312.9,122,364.5,,2024-12-11,300,,300.804,297.8308696,HOT Demand Zone,Demand Zone,,Possible Double Bottom Retest!,🔥 Volume Breakout!
58,Sheela Foam Limited,NSE:SFL,NSE:SFL,0.45,675.65,249,1058.7,,2025-01-03,277,,743.39825,757.2797826,,,,,
414,Zenith Exports Limited,ZENITHEXPO,NSE:ZENITHEXPO,-0.36,245.95,0,360.7,,2025-02-14,235,,252.16705,256.6206957,HOT Demand Zone,Demand Zone,Blast Setup,,
24,Robust Hotels Pvt Ltd,RHL,NSE:RHL,-0.73,244.2,0,314,,2025-07-10,89,,247.0938,242.272913,HOT Demand Zone,Demand Zone,,,
483,Aym Syntex Limited,AYMSYNTEX,NSE:AYMSYNTEX,-0.26,189.02,0,326.11,,2024-12-12,299,,219.62455,224.0553043,,,,Possible Double Bottom Retest!,
186,ICICI Lombard General Insurance Company Ltd,ICICIGI,NSE:ICICIGI,0,1924.7,5527,2165.8,,2024-10-07,365,,1862.97,1867.423043,HOT Demand Zone,Demand Zone,,,
156,Muthoot Finance Limited,MUTHOOTFIN,NSE:MUTHOOTFIN,-0.05,3226,912,3235,,2025-10-06,1,,2417.98525,2352.795217,,,Blast Setup,,
157,Muthoot Finance Limited,MUTHOOTFIN,NSE:MUTHOOTFIN,-0.05,3226,912,3235,,2025-10-06,1,,2417.98525,2352.795217,,,Blast Setup,,